ID,weiboID,commentUID,commentcontent,commentTime
3208,4, mydearhappy,让新浪娱乐抢先了 ,46分钟前 
3308,9, 蒙古娃娃-F26,大队长 美的啊 ,9月28日 19:38 
3310,10, scro11,回复@宁然5366:人多！我忙着端盘子敬酒去了！ ,今天 05:37 
3311,10, scro11,回复@惠惠惠若若若琪琪琪迷妹JML:替我表哥和嫂子谢谢你了！ ,今天 05:36 
3312,10, scro11,回复@宁然5366:嗯嗯 ,今天 08:59 
3313,10, scro11,回复@宁然5366:嗯嗯 ,今天 08:59 
3314,10, 宁然5366,回复@scro11:真人更好看吧！大家都很感谢你的照片哦！ ,今天 08:26 
3315,10, scro11,回复@不负青春的恩惠:替我哥谢谢了！ ,今天 06:01 
3316,10, scro11,回复@宁然5366:人多！我忙着端盘子敬酒去了！ ,今天 05:37 
3317,10, scro11,回复@惠惠惠若若若琪琪琪迷妹JML:替我表哥和嫂子谢谢你了！ ,今天 05:36 
3318,10, 此间少年_804,红衣服的大叔手放哪呢 ,今天 02:17 
3319,10, GODSuPertiti,最高的那位也太漂亮了吧！！ ,今天 01:01 
3320,10, 爽朗的CC露,大队长美的 ,9月28日 20:33 
3321,10, 俏俏3号,我惠队太美 ,9月28日 20:31 
3322,10, 刘家C少的小跟班,哇，小惠祝新郎新娘新婚快乐 ,9月28日 20:30 
3323,10, 12号地才鬼手大BOSS惠尊,原来是前教练儿子的婚礼 ,9月28日 20:29 
3324,10, __Frankenstein_,好美 谢谢博主分享 ,9月28日 20:15 
3325,10, 里约惠圆梦,#惠若琪# ,9月28日 20:09 
3326,10, 不负青春的恩惠,回复@scro11:薛？ ,9月28日 20:05 
3327,10, 不负青春的恩惠,回复@scro11:嗯嗯，祝新娘新郎百年好合 ,9月28日 20:04 
3328,10, 惠惠惠若若若琪琪琪迷妹JML,祝PO主表哥夫妇百年好合永结同心～ ,9月28日 19:55 
3329,10, Llna-2,美丽的惠队。 ,9月28日 19:51 
3330,10, 笨蛋小饭,羡慕。。??就这样遇见了 ,9月28日 19:51 
3331,10, 倾城张爱玲,回复@scro11:嗯嗯，新娘美，新郎帅，惠队好美！！！ ,9月28日 19:50 
3332,10, scro11,回复@倾城张爱玲:我舅以前是江苏女排教练，现在退休了 ,9月28日 19:48 
3333,10, 宁然5366,你怎么没合个影 ,9月28日 19:48 
3334,10, 倾城张爱玲,惠队是和谁是朋友，新郎还是新娘？ ,9月28日 19:47 
3335,10, 宁然5366,惠队没讲两句祝福语啊 那么会表达 ,9月28日 19:47 
3336,10, scro11,回复@不负青春的恩惠:我表哥 ,9月28日 19:44 
3337,10, 不负青春的恩惠,谁的婚礼啊？ ,9月28日 19:43 
3338,10, 蒙古娃娃-F26,大队长 美的啊 ,9月28日 19:38 
3339,11, 悠悠5794638306,回复@左TT的天空:来啊 ,9月28日 23:46 
3340,11, 懒懒的太阳杨小洋,张宝宝和白花花都已经直播了，她惠姐也直播过，就剩果果没直播了 ,9月28日 23:33 
3341,11, 左TT的天空,果果雄起！果果永远1.99！ ,9月28日 23:15 
3342,11, 左TT的天空,回复@悠悠5794638306:打shi你，我果果只有1.99 ,9月28日 23:15 
3343,11, 沐_Shirly,我果厉害了 人民日报啊 ,9月28日 23:06 
3344,11, CX晓2014,小苹果全世界嚷嚷着说自己只有1米多@袁心玥球迷后援会 ,9月28日 22:20 
3345,11, rolgq,这是对女排精神解读最全面的一篇文章 ,9月28日 22:12 
3346,11, 悠悠5794638306,袁两米 ,9月28日 22:03 
3347,11, 梁小Leung,袁20咯 ,9月28日 22:01 
3348,11, 元气少女小惠,我也一米多，然而差距为什么这么大 ,9月28日 21:51 
3349,11, carl厸之,然而最新官方身高201 ,9月28日 21:34 
3350,11, 梦里追随着你,果果继续加油，重庆人民支持你 ,9月28日 21:26 
3351,11, 一个吃货的捡屎君,拼搏的人生没有终点 ,9月28日 21:22 
3352,11, 我也要爱女排520,成长，成长，成长 ,9月28日 21:13 
3353,11, 用户u08nzpu8fn, ,9月28日 20:56 
3354,11, 泽轩1430,写的很好啊 也希望这次奥运夺冠不会成为下一届的包袱，但求赛出自己，赛出精神即使没有金牌，我们还会一直支持中国女排 ,9月28日 20:33 
3355,11, A-Mao拽毛,#袁心玥# ,9月28日 20:30 
3356,11, 斜阳下的微笑-12,果果加油 ,9月28日 20:30 
3357,11, good白rf,这个可以有，很厉害！ ,9月28日 20:17 
3358,12, 乔见双下巴,看13年世俱杯，感觉… ,25分钟前 
3359,12, xiaoyu思之元气少女惠Rachel, ,9月28日 17:39 
3360,12, g_orgeous,回复@钱小呆爱volley:啧 ,9月28日 15:00 
3361,12, BJ_嘟嘟,墨菲还没到？ ,9月28日 14:01 
3362,12, 钱小呆爱volley,胡丹丹欢迎你。抹抹吊吊等着你 ,9月28日 13:32 
3363,12, 游泳者swimming,用转会朱婷的钱买的吗。 ,9月28日 13:00 
3364,12, 陈子书信,不就是霍奇吗！怎么改名字了？嫁人了？ ,9月28日 12:59 
3365,12, SanSui-C,要看二传了 ,9月28日 12:58 
3366,12, sssss小胖,回复@福海伐伐伐伐伐:米哈来天津 ,9月28日 12:55 
3367,12, 福海伐伐伐伐伐,米哈伊洛维奇跟博斯克维奇应该是去土耳其打球吧 ,9月28日 12:42 
3368,12, Justin不想听,霍奇很实用啊 感觉硬吃能力比希尔拉尔森都强 ,9月28日 12:36 
3369,12, 一树繁花zz,欢迎来大河南 ,9月28日 12:33 
3370,12, 一厢情愿是种烦恼NiCo,霍奇这赛季估计擦地板得累死 ,9月28日 12:20 
3371,12, jamlopez,河南不错啊，挑些实用型外援，2个都很不错，应该实力有不错提升 ,9月28日 12:13 
3372,12, 深圳恋风,欢迎 ,9月28日 11:53 
3373,12, whz冬季恋歌,哈哈，欢迎 ,9月28日 11:51 
3374,12, rixyim,murphy也去河南 ,9月28日 11:44 
3375,12, 云benben,欢迎咯 ,9月28日 11:36 
3376,12, 爱排球的Hogan,今年联赛好精彩 ,9月28日 11:36 
3377,12, 倾城张爱玲,米哈伊洛维奇啥时来中国？真希望中国把女排联赛搞成像篮球里的NBA那种的 ,9月28日 11:30 
3378,12, 在路上的小袁,欢迎梅根来到河南队#河南女排联赛加油# ,9月28日 11:28 
3379,12, 第2013个站点,不知道实力怎样 ,9月28日 11:26 
3380,13, 穿背心的小布朗熊,哈哈??你俩真是 ,今天 07:34 
3381,13, wn娜s若Q,回复@黑格尔特:好像是很生气，答应送她手机壳后才开心的 ,今天 06:25 
3382,13, 黑格尔特,你妹妹好开心 ,今天 00:12 
3383,13, 游客48302, ,9月28日 22:28 
3384,13, 芝兰琪花, ,9月28日 21:15 
3385,14, 唐人街黑马,女排题材剧本，大部分编剧不擅长，即使是一线编剧。不熟悉女排和这类运动励志类题材，无从下手。 ,9月28日 23:40 
3386,14, 唐人街黑马,我给粉丝三个选择，一.枪手（本公司不招），二.素材提供者，三.参与编剧。她选择了三。没注册公司，还以为注册简单，其实好繁琐，头大。要应付公司内部杂事，要看影视剧，要掌控剧本质量，还要操心备案和立项。公司一堆破事就足以消耗时间和精力了。但既然跨出了第一步，就没有回头的理由。加油！ ,9月28日 23:23 
3387,15, Gmrmbkoh_,哇 美哭 ,9月28日 16:48 
3388,15, Eterna1以梦为马,终于盼来了9宫格，美美哒流口水啦～爱你哟 ,9月28日 16:46 
3389,15, 好好软呀你,有全身照就更好了～大长腿 ,9月28日 16:48 
3390,15, 骆北辰灬,美美美！！！！ ,9月28日 18:25 
3391,15, 这个账号不能撩,女神！女神！女神！ ,9月28日 16:49 
3392,15, Cookie小哥瑤瑤醬,哈哈哈，我能说我全程在旁边嘛，宝宝简直太可爱！！ ,9月28日 16:55 
3393,15, 林易007,不到两米，都不好意思暗恋喜欢你 ,9月28日 17:03 
3394,15, 栖初,张大宝的小文艺 ,9月28日 16:48 
3395,15, 肉肉肉肉呢10,美得不要不要的 ,9月28日 20:29 
3396,15, halosoma,中国女排史上最漂亮的女孩！同意的点赞！！！ ,9月28日 18:24 
3397,15, 勇敢的心001a,女神 ,1分钟前 
3398,15, Frighting少年,卧槽，真漂亮这妞！ ,8分钟前 
3399,15, 流光若返ST,女神啊！ ,9分钟前 
3400,15, 小相扑三川,腿那？ ,9分钟前 
3401,15, 郭郭-ffffff,还是喜欢你的大长腿 ,10分钟前 
3402,15, 天然婚纱摄影集团,好美好美的亚！ ,15分钟前 
3403,15, sillysam,太漂亮了！！！ ,18分钟前 
3404,15, 张继龙不是昵称,这个照相馆我也知道，拍的真心不错！颜值担当 ,20分钟前 
3209,4, TK陶陶,這個拍得好！！！把運動的美和健康的美還有性感的美結合得非常好！！！！！運動員拍照就是要這樣子。而不是像有的媒體拍照一樣裝性感，搔首弄姿。 ,47分钟前 
3210,4, 张偲_Guess,想练弹跳和健身篮球干货安利个@只关于健身 ,47分钟前 
3211,4, 繁叶七夜,说实话太羡慕惠若琪的身高了看她这样都想象不到原来经历过严重的心脏疾病 ,49分钟前 
3212,4, 我是谁5607149355,挣点钱 ,49分钟前 
3213,4, 乔见双下巴,想把她身上泼的酸奶舔光… ,50分钟前 
3214,4, Edwin今晚打老虎,美cry ,50分钟前 
3215,4, Q7先森,我江苏男女排就是出大帅哥大美女啊?????服不服 ,50分钟前 
3216,4, Vivian暮光之Ting,超模 ,51分钟前 
3217,4, inTheDeepSea,身上泼的是酸奶？看不懂为啥要泼... ,52分钟前 
3218,4, Mustache丶ON,好美 ,52分钟前 
3219,5, 我是M_静香,必须的，漂亮！ ,今天 08:53 
3220,6, 在路上的小袁,回复@独角SO:我用的天行VPN和cloud vpn ,今天 06:25 
3221,6, 我爱朱婷forever,博主用心！这字太讲究了！ ,6分钟前 
3222,6, 鹰城彦立,回复@何-必-完美:你眼可真尖，这都能看到 ,43分钟前 
3223,6, 何-必-完美,稿纸,今天 08:50 
3224,6, 独角SO,回复@在路上的小袁:收费多少 ,今天 08:47 
3225,6, 我是你们的蒙奇奇,198 ,今天 08:33 
3226,6, 落雪无痕syy,瓦基弗银行不用对舒耐和卡萨尔马焦雷啊？ ,今天 07:54 
3227,6, 在路上的小袁,回复@独角SO:我用的天行VPN和cloud vpn ,今天 06:25 
3228,6, 死坏坏的玫瑰,回复@梦在云端的二哈:小苹果早就2米开外了，她自己嫌弃说2米以上不好听，只承认自己是1.99米 ,今天 00:19 
3229,6, 独角SO,你们翻墙用哪个VPN比较好啊，推荐一下 ,9月28日 23:29 
3230,6, 陈妤希elva,朱婷加斯洛特耶斯对战科舍列娃加博斯科维奇??胜算谁大 ,9月28日 23:22 
3231,6, -李艳涛-,字很好看 我们一起关注朱婷女神 加油 ,9月28日 22:36 
3232,6, 梦在云端的二哈,大婷都198，那果果。。。 ,9月28日 22:10 
3233,6, 毛毛虫amy,什么时候长的个，我怎么不知道，大婷没汇报嘛第一场早上十点，在上班呀，怎么看直播呀 ,9月28日 21:23 
3234,6, 一纳米的浅蓝,有心了 ,9月28日 21:23 
3235,6, 阿朱与耶丝,回复@在路上的小袁: ,9月28日 21:13 
3236,6, 呼呼长了好多肉,回复@在路上的小袁:小袁老师，呼呼以前不该抄作业的 ,9月28日 21:12 
3237,6, 在路上的小袁,回复@阿朱与耶丝:哈哈哈，字不是重点，重点是字是什么 ,9月28日 21:10 
3238,6, 在路上的小袁,回复@呼呼长了好多肉:呼呼的肉跟朱的身高一样在长吗 ,9月28日 21:09 
3239,6, 阿朱与耶丝,字真漂亮再看看我自己的字，有点想哭 ,9月28日 21:05 
3240,6, 用户6027654891,回复@在路上的小袁:如果有消息的话，记得分享一下，我们一起为大婷加油，谢谢 ,9月28日 20:43 
3241,6, 呼呼长了好多肉,小袁老师的字很好看吼 比赛指南很用心吼 在路上的照片和ID很配吼 198的某同学很官方吼  ,9月28日 20:36 
3242,6, 大地测小老师,河南省周口市第十九初级中学 ,9月28日 20:31 
3243,6, 在路上的小袁,回复@用户6027654891:这个还真不知道 ,9月28日 20:29 
3244,6, 若不能发光就爆炸,#朱婷# 真是棒的规整 ,9月28日 20:26 
3245,6, 用户6027654891,体育频道有直播吗？好想看朱婷打球 ,9月28日 20:24 
3246,6, 阿ZandRQ,你去到土耳其啦 ,9月28日 20:10 
3247,6, 莫鱼xy,小组赛都是白天的，不晓得有没有直播 ,9月28日 20:07 
3248,6, 深圳恋风,已经看到世俱杯冠军奖杯被大婷抱在怀里 ,9月28日 20:06 
3249,6, 在路上的小袁,回复@卢娜lovegood有点疯:这对我是鼓励，我要好好练字 ,9月28日 20:03 
3250,6, 卢娜lovegood有点疯,字吼吼看(⊙o⊙) ,9月28日 20:02 
3251,6, 朱婷你什么时候嫁给我,回复@在路上的小袁:比我写的好 ,9月28日 20:02 
3252,6, Vivian暮光之Ting,哇，博主太棒了 ,9月28日 20:02 
3253,6, 在路上的小袁,回复@朱婷你什么时候娶我:是的，丑到家了 ,9月28日 20:01 
3254,6, 一次就好唯爱我婷,这身高 没谁了 我婷come on ,9月28日 20:00 
3255,6, 朱婷你什么时候嫁给我,这字是你写的么 ,9月28日 19:59 
3256,7, An丶空谷幽香,怎么觉得字幕和图片是p上去的 ,今天 01:43 
3257,7, 慕慕兮丶,回复@王小明朗:咱们英语老师 ,9月28日 23:44 
3258,7, 秋裤林,回复@easduiaid:康从轻思密达 ,9月28日 22:17 
3259,7, easduiaid,@秋裤林 ,9月28日 22:03 
3260,7, 这很鸭,@白雪公主的后爹地 ,9月28日 21:11 
3261,7, 唐伯虎点蚊香lm,胡乱翻译的，女排图片也是后期p上去的 ,9月28日 15:11 
3262,7, 王小明朗,@慕慕兮丶 ,9月28日 14:14 
3263,7, 坦坦一坦坦,@DDD-dr @维维阿_ 哈哈哈洪荒之力 ,9月28日 14:12 
3264,7, 包子很闲闲闲,说话方式我只服朝鲜！ ,9月28日 07:24 
3265,7, 随影而动-安夏,什么鬼 ,9月28日 01:38 
3266,7, 陈陈陈小妙,@静雯b_ ,9月28日 01:11 
3267,7, 陈陈陈小妙,回复@cookie儀:哈哈哈哈哈哈哈哈 ,9月28日 01:11 
3268,7, 没有名字的鬼42681,听的我浑身鸡皮疙瘩啊！ ,9月27日 23:44 
3269,7, two暖,@暴饮暴食的软妹哥 @假装风景很好看 @有话就讲讲讲咯 ,9月27日 23:11 
3270,7, Laocyon,@MeganVon ,9月27日 22:20 
3271,7, Laocyon,回复@cookie儀:哈哈哈哈哈哈痴线噶 ,9月27日 22:20 
3272,7, cookie儀,@陈陈陈小妙 @Laocyon ,9月27日 21:39 
3273,7, 天天爱睡觉9公寓,回复@要做产品经理的关蛮蛮:哈哈哈哈，谢谢谢谢 ,9月27日 17:06 
3274,7, 要做产品经理的关蛮蛮,@小毛子mmm @天天爱睡觉9公寓 你俩考研顺利通过，朝鲜发来贺电！！！ ,9月27日 16:25 
3275,7, 噜噜man,@张雨弱 ,9月27日 12:55 
3276,7, 刘白甜姐姐, ,9月27日 08:27 
3277,7, 小生蚝Ivan,@vvviki麻麻 ,9月27日 01:15 
3278,8, 唐人街黑马,还有更坑爹的，听上次同去长沙的会计说七天连锁比较卫生。我去南门口办了张金卡，当晚住进去水管开热水时，猛烈抽筋，喷了我一身水，网络信号有问题，电视机坏，电话机坏，还有什么坏，忘了。一男服务员看了电话机和水管，说次日早上给我换电话机，结果下午才换。负责网络的中年男来几次都修不好。 ,今天 00:53 
3279,9, scro11,回复@惠惠惠若若若琪琪琪迷妹JML:替我表哥和嫂子谢谢你了！ ,今天 05:36 
3280,9, scro11,回复@宁然5366:人多！我忙着端盘子敬酒去了！ ,今天 05:37 
3281,9, scro11,回复@宁然5366:嗯嗯 ,今天 08:59 
3282,9, scro11,回复@不负青春的恩惠:替我哥谢谢了！ ,今天 06:01 
3283,9, scro11,回复@宁然5366:嗯嗯 ,今天 08:59 
3284,9, 宁然5366,回复@scro11:真人更好看吧！大家都很感谢你的照片哦！ ,今天 08:26 
3285,9, scro11,回复@不负青春的恩惠:替我哥谢谢了！ ,今天 06:01 
3286,9, scro11,回复@宁然5366:人多！我忙着端盘子敬酒去了！ ,今天 05:37 
3287,9, scro11,回复@惠惠惠若若若琪琪琪迷妹JML:替我表哥和嫂子谢谢你了！ ,今天 05:36 
3288,9, 此间少年_804,红衣服的大叔手放哪呢 ,今天 02:17 
3289,9, GODSuPertiti,最高的那位也太漂亮了吧！！ ,今天 01:01 
3290,9, 爽朗的CC露,大队长美的 ,9月28日 20:33 
3291,9, 俏俏3号,我惠队太美 ,9月28日 20:31 
3292,9, 刘家C少的小跟班,哇，小惠祝新郎新娘新婚快乐 ,9月28日 20:30 
3293,9, 12号地才鬼手大BOSS惠尊,原来是前教练儿子的婚礼 ,9月28日 20:29 
3294,9, __Frankenstein_,好美 谢谢博主分享 ,9月28日 20:15 
3295,9, 里约惠圆梦,#惠若琪# ,9月28日 20:09 
3296,9, 不负青春的恩惠,回复@scro11:薛？ ,9月28日 20:05 
3297,9, 不负青春的恩惠,回复@scro11:嗯嗯，祝新娘新郎百年好合 ,9月28日 20:04 
3298,9, 惠惠惠若若若琪琪琪迷妹JML,祝PO主表哥夫妇百年好合永结同心～ ,9月28日 19:55 
3299,9, Llna-2,美丽的惠队。 ,9月28日 19:51 
3300,9, 笨蛋小饭,羡慕。。??就这样遇见了 ,9月28日 19:51 
3301,9, 倾城张爱玲,回复@scro11:嗯嗯，新娘美，新郎帅，惠队好美！！！ ,9月28日 19:50 
3302,9, scro11,回复@倾城张爱玲:我舅以前是江苏女排教练，现在退休了 ,9月28日 19:48 
3303,9, 宁然5366,你怎么没合个影 ,9月28日 19:48 
3304,9, 倾城张爱玲,惠队是和谁是朋友，新郎还是新娘？ ,9月28日 19:47 
3305,9, 宁然5366,惠队没讲两句祝福语啊 那么会表达 ,9月28日 19:47 
3306,9, scro11,回复@不负青春的恩惠:我表哥 ,9月28日 19:44 
3307,9, 不负青春的恩惠,谁的婚礼啊？ ,9月28日 19:43 
3309,10, scro11,回复@不负青春的恩惠:替我哥谢谢了！ ,今天 06:01 
3405,15, kallyababy,戒指什么牌子的？ ,20分钟前 
3406,15, 学英语的男娃,大美女 ,21分钟前 
3407,15, 刁康不胖不改名了,老婆，你好。 ,25分钟前 
3408,15, bibobiboo2,漂亮！！！但你的双下巴姐妹们被修掉了 ,25分钟前 
3409,15, L黎茵茵,小宝真漂亮 ,26分钟前 
3410,15, w俊000,有被秒杀的感觉宝宝的心咋实受不了了。 ,26分钟前 
3411,15, 这分钟却挂念谁123,你长的就很好看啊 ,27分钟前 
3412,15, vision荣,咋看咋美 ,33分钟前 
3413,15, 总是漫不经心的某邹,头发已及腰  平常比赛总是盘着真想不到原来这么长 ,33分钟前 
3414,15, 地球代理球长,美呆了 ,34分钟前 
3415,15, 90后的Cheng程21,文艺照好漂亮啊，改天让小惠也去拍几张 ,35分钟前 
3416,15, 人人都是梦想家1,你美！说什么就是什么啊 ,35分钟前 
3417,15, 虎爷平凡的WJ,第二张好看，看着有点像章子怡 ,38分钟前 
3418,15, 风吹雪k,那么美，美，美 ,38分钟前 
3419,15, 我会一直在最温暖的地方等你,.啊啊啊啊啊啊啊啊啊啊啊啊啊啊.锁屏墙纸来了 ,40分钟前 
3420,15, 追梦的我ZUIMENDEWO,美美美 ,40分钟前 
3421,15, 叫我眼眼,美炸了 ,43分钟前 
3422,15, YT是我没错,美 ,44分钟前 
3423,15, cy曾经流年,美得雅美蝶雅美蝶了！！！ ,57分钟前 
3424,15, my_black_dress,宝宝美cry ,今天 09:26 
3425,15, mydearhappy,不见婴儿肥了 ,今天 09:26 
3426,15, 谷粒多多high,我媳妇好漂亮??不小心就拿来当壁纸了！ ,今天 09:25 
3427,15, 南山IH,我宁简直美翻了 ,今天 09:25 
3428,15, freercZzz,美爆了 ,今天 09:23 
3429,15, Faye是王同学,美啊！ ,今天 09:14 
3430,15, 心已穿是你的箭,宋慧乔？ ,今天 09:09 
3431,15, 黑眼圈CQ,好美啊，你最美！ ,今天 09:08 
3432,15, LANYZZoe,帅气 ,今天 09:07 
3433,15, 雪z狐,宁，你让人欲罢不能。 ,今天 09:05 
3434,15, 進撃的甜果酱,你拍啥我都喜欢 ,今天 09:03 
3435,15, 茶妤MAJ,美美美哭了 ,今天 09:01 
3436,16, Vivian暮光之Ting,回复@朱婷你什么时候娶我:好佩服你们 ,9月28日 22:52 
3437,16, 毕加Fei,没有 ,9月28日 17:21 
3438,16, 當時的Moon去哪了,回复@kwok-chingman:據說有 ,9月28日 16:44 
3439,16, miao940218,已经买好了。买的20号下午。同时看到大婷和阿金还有希尔 ,9月28日 15:56 
3440,16, kwok-chingman,回复@當時的Moon去哪了:国内有直播吗？ ,9月28日 15:06 
3441,16, 當時的Moon去哪了,YouTube可有直播 ,9月28日 14:58 
3442,16, ITs君君,等直播 ,9月28日 14:32 
3443,16, 朱婷你什么时候嫁给我,#朱婷# 门票已买，机票已定，应援物品已准备好，坐等大婷首秀 ,9月28日 14:26 
3444,16, 胖次打次胖,目测第一场比赛好多人流量要大发。 ,9月28日 14:26 
3445,16, 卢娜lovegood有点疯,没有 ,9月28日 14:12 
3446,18, ok0spring,图片评论 ,今天 02:09 
3447,18, 手机用户1806190065,月月没有比赛任务看似天津队领队，美月的欧洲游算是最轻松的。好好享受 ,9月28日 22:35 
3448,18, 小马马937,黑眼圈？ ,9月28日 19:10 
3449,18, 用户u08nzpu8fn, ,9月28日 17:21 
3450,18, 默凰君主,月月是纹眉和眼线了是嘛？（ps,9月28日 16:36 
3451,18, 潞红Zzz,这个训练不错，欧洲游一圈 ,9月28日 16:35 
3452,18, 冷冷冷冷冷_水,月月真的是去拉（du）练（jia）的?? ,9月28日 16:17 
3453,18, 叫醒我凉介,再去一次英国??心情差太多 ,9月28日 16:13 
3454,18, 小苦_1969,旅欧，疗膝。 ,9月28日 16:06 
3455,18, 愛焾Liya,辛苦了小7@nicole8926 ,9月28日 16:02 
3456,18, 大娘我们是红军你开门呀,记得月月之前说想去伦敦眼，伦敦奥运会没去成，这次可以去了，可惜不是在跨年的时候，赶不上烟火表演 ,9月28日 16:02 
3457,18, 范崇文要实现理想,继续旅游 ,9月28日 16:01 
3458,19, 化身为海--那片海,回复@邂逅2016奥运会:谢谢您鼓励 ,9月28日 17:45 
3459,19, 邂逅2016奥运会,做的不错 ,9月28日 05:58 
3460,19, 一纳米的浅蓝,最后一张  ,9月27日 23:06 
3461,20, 竹鑫明,回复@大伟黄:八一队助理教练 ,今天 09:47 
3462,20, 大伟黄,她现在干嘛呀 ,今天 09:43 
3463,20, 我心花未放,能分享视频吗 ,9月28日 21:44 
3464,20, 竹鑫明,回复@胡图是姚大魔王滴:以后再翻看，都是美好的回忆 ,9月28日 20:52 
3465,20, Invisible_Scintilla,回复@竹鑫明:看对手拦网人应该是98wch和韩国 ,9月28日 20:43 
3466,20, 胡图是姚大魔王滴,作为挺小的我??11 12年存的很多魏秋月的照片视频 还有衣服 那时她是我的英雄。。。 ,9月28日 20:34 
3467,20, 卢娜lovegood有点疯,小时候看球，记得的不是好看的，只记得打下去那个 ,9月28日 20:11 
3468,20, 竹鑫明,回复@射手Zack11:是的 ,9月28日 20:06 
3469,20, 射手Zack11,第一张，是98年世锦赛对古巴的吧。好像是《中国排球》当年有一期的封面 ,9月28日 20:05 
3470,20, 竹鑫明,回复@13minus:她单脚起跳感觉很高 ,9月28日 20:02 
3471,20, 竹鑫明,回复@我们的历史自己写:现在再看那时候的比赛，感觉中国队员普遍还是稍微软了点，吴咏梅算是很硬的了 ,9月28日 20:02 
3472,20, 13minus,第二张感觉胸都过网了 ,9月28日 19:57 
3473,20, 我们的历史自己写,暴力副攻 ,9月28日 19:50 
3474,21, 远帆揽尽,回复@喵喵huanle:不客气 ,今天 00:30 
3475,21, 喵喵huanle,回复@远帆揽尽:额，好吧，谢谢你 ,今天 00:30 
3476,21, 远帆揽尽,回复@喵喵huanle:朱婷的是，我以为你问朱婷的，是在街边贴膜的买的哦，不是网上 ,今天 00:29 
3477,21, 喵喵huanle,回复@远帆揽尽:亲，请问兔子也是在这间店买的吗？没看见有的窝 ,今天 00:28 
3478,21, 远帆揽尽,回复@喵喵huanle:复制这条信息，打开手机淘宝 即可看到【【本队】排球中国女排藏蓝色球衣比赛服手机壳！惠若琪 朱婷】￥AALweeqj￥O网页链接 ,今天 00:18 
3479,21, 远帆揽尽,回复@喵喵huanle:好的，稍等 ,今天 00:15 
3480,21, 喵喵huanle,回复@远帆揽尽:能分享链接吗？ ,今天 00:07 
3481,21, 远帆揽尽,回复@喵喵huanle:淘宝 ,今天 00:05 
3482,21, 喵喵huanle,亲，请问兔子手机壳那里购入的？ ,9月28日 23:47 
3483,28, 智能温室蔬菜大棚18853615776,声明照片文字无意弄上的。 ,9月28日 19:59 
3484,36, 爱Sheilla_13,回复@乔-Joy:是啊，被伤病害的 ,9月28日 23:13 
3485,36, 乔-Joy,挺可惜的一个运动员 ,9月28日 23:11 
3486,36, CrazyWestbrook,卧槽??淫才啊 ,9月28日 19:31 
3487,36, Now-4ever,哇，棒的咧！ ,9月28日 19:29 
3488,36, 爱Sheilla_13,回复@排小迷: ,9月28日 18:07 
3489,36, 排小迷,美哒哒。。 ,9月28日 17:54 
3490,38, LP的蛋张浩强,@洗之朗马悦??开展##洗之朗杯社群企业气排球联赛# 引爆西安健康生活新风尚，是对#健康陕西2030#的有力推进，同时也是企业社群营销方式的伟大探索 ,9月28日 15:44 
3491,39, 徐登辉Angel,这么说吧 我们大学体育选课 基本没人选排球 ,9月28日 14:46 
3492,43, Mixixixu,回复@丨斯诺丶雪希:嗯呢 ,9月28日 18:55 
3493,43, Mixixixu,回复@荥荼: ,9月28日 13:29 
3494,43, Mixixixu,回复@丨斯诺丶雪希:我知道就是好尴尬呀 ,9月28日 18:30 
3495,43, Mixixixu,回复@丨斯诺丶雪希: ,9月28日 06:31 
3496,43, Mixixixu,回复@丨斯诺丶雪希:嗯呢 ,9月28日 18:55 
3497,43, 丨斯诺丶雪希,回复@Mixixixu:没啥尴尬的，大家都爱惠嘛 我也就是说明一下 ,9月28日 18:34 
3498,43, Mixixixu,回复@丨斯诺丶雪希:我知道就是好尴尬呀 ,9月28日 18:30 
3499,43, 丨斯诺丶雪希,回复@Mixixixu:我没说谎→_→ ,9月28日 18:28 
3500,43, 荥荼,回复@Mixixixu:私聊发 ,9月28日 13:31 
3501,43, Mixixixu,回复@荥荼: ,9月28日 13:29 
3502,43, 荥荼,图二 ,9月28日 13:20 
3503,43, 荥荼,博主能不能把无水印的发给我 谢谢 ,9月28日 13:20 
3504,43, Rachel美惠,不喜欢看最后一张 ,9月28日 11:57 
3505,43, Mixixixu,回复@丨斯诺丶雪希: ,9月28日 06:31 
3506,43, 丨斯诺丶雪希,居然有一张我做的却不是我的水印 ,9月28日 04:34 
3507,43, 雪里红y,最后一张 笑死人了 ,9月27日 23:42 
3508,43, 蓝天白云snoopy, ,9月27日 23:32 
3509,43, Mixixixu,回复@三寸光阴0429:吼吼吼好巧呢 ,9月27日 22:17 
3510,43, 三寸光阴0429,回复@Mixixixu:今天你自己说的小可爱童鞋 ,9月27日 21:59 
3511,43, Mixixixu,回复@三寸光阴0429:是谁是谁 ,9月27日 21:56 
3512,43, 三寸光阴0429,回复@Mixixixu:掐指一算，长春大二学生。 ,9月27日 21:44 
3513,43, Mixixixu,回复@三寸光阴0429:呀！暴露了 ,9月27日 21:36 
3514,43, 三寸光阴0429,回复@Mixixixu:哈哈，贼啦歇罕！东北嗑飙出来啦！ ,9月27日 21:29 
3515,43, Mixixixu,回复@三寸光阴0429:哈哈哈就是贼啦歇罕呢 ,9月27日 21:24 
3516,43, 三寸光阴0429,回复@Mixixixu:这得有两米多深吧！ ,9月27日 21:20 
3517,43, Mixixixu,回复@三寸光阴0429:可以 ,9月27日 21:20 
3518,43, Mixixixu,回复@三寸光阴0429:这是情到深处 ,9月27日 21:19 
3519,43, 三寸光阴0429,补一刀 ,9月27日 21:13 
3520,43, 三寸光阴0429,原来你是个谐粉～ ,9月27日 21:03 
3521,43, Mixixixu,回复@惠_Nicole:不是我p的是在小宇的微博评论里拾来的 ,9月27日 21:02 
3522,43, 惠_Nicole,回复@Mixixixu:你这个灵魂p图手很厉害 ,9月27日 21:01 
3523,43, Mixixixu,回复@惠_Nicole:怪我怪我 ,9月27日 21:00 
3524,43, 惠_Nicole,水印不在中间就好了…… ,9月27日 20:59 
3525,45, 请叫我Loli小天天,多看看以前的比赛 ,9月28日 11:55 
3526,45, 天高云阔任遨遊,惠巅峰，朱锋芒初露 ,9月27日 14:01 
3527,45, sofie1007,先码，回家再看！ ,9月27日 12:37 
3528,45, 请叫我Loli小天天,回复@刘家C少的小跟班:一个小时，是得慢慢看 ,9月27日 10:54 
3529,45, 刘家C少的小跟班,#惠若琪#这个留着慢慢看 ,9月27日 08:21 
3530,45, 宫三Alice,@元气少女大阿瑶 ,9月27日 00:46 
3531,45, 张T_-TO婷,m ,9月26日 23:12 
3532,45, 元气少女惠若琪,#惠若琪# ,9月26日 22:41 
3533,45, 请叫我Loli小天天,回复@Fingerprints-:的确，不过那个时候她承担的后排任务和串联更多，朱婷也更成熟，我惠承担的进攻任务有所下降 ,9月26日 22:32 
3534,45, Fingerprints-,回复@mydearhappy:15年大奖赛应该是她各项技术都非常成熟的时候 ,9月26日 22:26 
3535,45, mydearhappy,#惠若琪# 巅峰惠 ,9月26日 22:22 
3536,51, 子非001,回复@落叶悲笳:也就是绩效 ,9月28日 13:01 
3537,51, 落叶悲笳,回复@子非001:其实不太懂你们国字号里的奖金，我只对绩效和提成有概念 ,9月28日 12:41 
3538,51, 子非001,回复@落叶悲笳:因为还有奖金 ,9月28日 12:07 
3539,51, 落叶悲笳,回复@子非001:实际到手3000+也不多啊，不说别的，刚毕业2年的大学生，只要是技术方向的，基本4000+算正常薪资啊，就别说中层主管了 ,9月28日 11:40 
3540,51, 子非001,回复@落叶悲笳:工资单上除了岗位工资还有一些补贴，和单位以及地域有关。然后再扣五险一金。3000是实际拿到手的。你们那个最低工资是社会工资。 ,9月28日 11:27 
3541,51, 落叶悲笳,回复@子非001:那她硕士在读，不是应该只给岗位工资900吗？其他算什么？岗位补贴？那也不对啊，我记得13年我苏的最低工资貌似1583来着，不知道有没有记错，反正大差不差。 ,9月28日 11:24 
3542,51, 子非001,回复@落叶悲笳:国家给的工资都是按级别来的。比如本科刚毕业的初级职称工资500多，硕士900多，博士1100。然后随着职称上涨而上涨。她3000多属于正常 ,9月28日 10:55 
3543,51, 落叶悲笳,回复@子非001:不太懂国字号里面的薪资构成，津贴奖金会高吗？还是按绩效提成算？ ,9月28日 10:49 
3544,51, 子非001,我老板是一级教授，工资也就4000呢。 ,9月28日 10:47 
3545,53, 欧侦探事务所,我只想问你为什么要打扫这么多东西 ,9月28日 10:37 
3546,53, 西瓜西瓜小小船,哈哈哈哈你666 ,9月28日 08:26 
3547,55, 思埠集团总代小美,那 k ,9月28日 07:18 
3548,55, 冷横耕夫,回复@Yvonne-妞 的赞:谢你的赞！到平和县林语堂纪念馆参观旅游，就能感受女神雕像风姿！ ,9月28日 07:15 
3549,55, 冷横耕夫,回复@行的吧i 的赞:谢你的！这个秋冬期间愿你能品偿正宗＂平和琯溪蜜柚＂！ ,9月28日 07:11 
3550,56, GJQ_Hnyu,本来写了很多字，但是微博字数有限制 ,9月28日 00:49 
3551,63, 周周周周小琪,666666666666666 ,9月28日 18:07 
3552,63, Cherry小怡怡,回复@清蒸各种丝儿: ,9月28日 07:57 
3553,63, 清蒸各种丝儿,简！直！了！ ,9月28日 07:49 
3554,63, Cherry小怡怡,回复@小芋丁:哈哈哈 不好意思 ,9月28日 07:38 
3555,63, Cherry小怡怡,回复@葡萄成熟时-7:所以早点睡觉哦 ,9月28日 07:37 
3556,63, 葡萄成熟时-7,怎么说呢，大半夜看到，真的很痛苦 ,9月28日 00:54 
3557,63, 小芋丁,拉仇恨 ,9月28日 00:11 
3558,63, 醒醒少年as,回复@Cherry小怡怡:只有那个认识 ,9月27日 23:35 
3559,63, Cherry小怡怡,回复@醒醒少年as:眼力真好，这么小都看得出来 ,9月27日 23:10 
3560,63, Cherry小怡怡,回复@快叫我鹏哥哥:胃口超好 ,9月27日 23:09 
3561,63, 醒醒少年as,是不是有海底捞 ,9月27日 22:44 
3562,63, 快叫我鹏哥哥,真能吃啊 ,9月27日 22:42 
3563,66, 邢天静xtj, ,9月27日 21:08 
3564,66, 懒得改名的hehe,江苏三宝都很棒!我惠说得真好不过感觉真是累着了，心疼.... ,9月27日 20:58 
3565,66, 相约2016小可爱,#惠若琪#加油！ ,9月27日 20:56 
3566,66, 爱若琪爱魏秋儿,惠宝儿 陪你一起努力走下去 陪你们一起走下去 ,9月27日 20:49 
3567,66, k开始,这孩子拜访都是这个状态 玩耍还比较欢乐 ,9月27日 20:44 
3568,66, 陈小A,这磕唠的多到位 ,9月27日 20:42 
3569,66, loveVOLLEYBALL,姐姐一脸的疲惫！！真的好好休息啊再这么连轴转，肿么行咧！@元气少女惠Rachel ,9月27日 20:42 
3570,66, 侠义青年Neo,官方惠 ,9月27日 20:39 
3571,66, Molly_果小果,抱走我惠 ,9月27日 20:38 
3572,66, 阿ZandRQ,我惠这低音炮好听。但是也听出了疲惫 ,9月27日 20:37 
3573,66, 女排十年,小宇奥运会没怎么上，要加油哦 ,9月27日 20:36 
3574,66, 狗子老巢,成名的代價，未來還很辛苦，加油！ ,9月27日 20:35 
3575,66, ningmengs12,#惠若琪# 好累的感觉，应该没有活动了吧。 ,9月27日 20:34 
3576,66, 一霎花火-,心疼我惠啊！一脸疲惫，这活动啥时候彻底结束啊！ ,9月27日 20:34 
3577,66, Sandysile,#惠若琪# 加油 ,9月27日 20:34 
3578,66, 犯二抽货萌安若,天哪。我惠这声音疲惫的。精神状态都不怎么好。。怪不的在等的时候都能生无可恋。。。你可好好休息休息吧 ,9月27日 20:28 
3579,66, 里约惠圆梦,#惠若琪#?? ,9月27日 20:27 
3580,67, __吥莣初訫,回复@地平线上起舞: ,9月28日 10:40 
3581,67, 地平线上起舞,回复@__吥莣初訫:看来对国际女排研究相当熟 ,9月28日 08:28 
3582,67, __吥莣初訫,回复@地平线上起舞:拉西奇塞尔维亚副攻，斯洛特椰丝荷兰接应，希尔美国主攻 ,9月28日 08:20 
3583,67, 地平线上起舞,回复@__吥莣初訫:拉西奇这名字好熟啊 看中国女排是听解说讲的 哪个国家的忘了 ,9月28日 08:06 
3584,67, __吥莣初訫,回复@地平线上起舞:拉西奇，斯洛特椰丝，希尔 ,9月28日 07:47 
3585,67, 地平线上起舞,那两个不认得 ,9月27日 23:28 
3586,67, __吥莣初訫,朱婷，中国女排的骄傲 ,9月27日 22:08 
3587,67, __吥莣初訫,房子太矮了 ,9月27日 22:07 
3588,74, 进击的狂情磊,月月，殷娜，王宁 ,9月27日 09:23 
3589,74, 魏秋儿粉丝后援团,看大家回复基本都是靠发型和衣服辨认，其实不用那么复杂啦，直接找脸最圆的那个就可以了 ?查看图片 ,9月27日 12:10 
3590,74, FearsomeLaura,hahah OMG aliens!!  ,9月27日 09:28 
3591,74, 一不小心就对了,我的月，紫色衣服 ,9月27日 09:50 
3592,74, 默凰君主,左边白色外套的，不要太明显小编起的挺早啊 ,9月27日 08:35 
3593,74, YOURS_ZLM_Winnie,当然是最左边的啦 ,9月27日 18:54 
3594,74, 氵ooo__享,左边 ,9月27日 17:24 
3595,74, 希希renwoanjingyixi,第一个是月月 ,9月27日 12:57 
3596,74, 随心所欲3258,右边 ,9月27日 12:26 
3597,74, 魏秋儿粉丝后援团,看大家回复基本都是靠发型和衣服辨认，其实不用那么复杂啦，直接找脸最圆的那个就可以了 ?查看图片 ,9月27日 12:10 
3598,74, 孙美娜阿,当然是左边紫外套  ,9月27日 11:49 
3599,74, 不难__7,衣服发型第一个 ,9月27日 11:24 
3600,74, 牡丹香雪,真爱粉一眼就看得出来 ,9月27日 11:23 
3601,74, 犟压全城,左边那个，发型看出来了 ,9月27日 11:15 
3602,74, 暖阳下的雨,白色外套的 ,9月27日 11:04 
3603,74, 茜茜qq89,左边 ,9月27日 11:00 
3604,74, 我地天行健,发际暴露了她左一。 ,9月27日 10:41 
3605,74, wuyue6006413650,当然认得出来啦！月月女神萌萌哒 ,9月27日 10:08 
3606,74, 当一个好的小迷妹,已经被玩坏了 ,9月27日 10:08 
3607,74, 神貂虾米,左边的那位同学 ,9月27日 10:01 
3608,74, 拖鞋迅,左边 ,9月27日 09:57 
3609,74, 花花zrr,No.1 ,9月27日 09:55 
3610,74, nicole19880419,月神的安德玛，都要同款 ,9月27日 09:54 
3611,74, 一不小心就对了,我的月，紫色衣服 ,9月27日 09:50 
3612,74, 见个你,白衣服的是月神?? ,9月27日 09:47 
3613,74, 南宫亦neverland,左边的。内里的衣服不是生日穿的那件么？月神脸更圆了。 ,9月27日 09:44 
3614,74, 我为紫狂,仨人真好玩 ,9月27日 09:40 
3615,74, 亭林漠漠,左边 ,9月27日 09:39 
3616,74, 化身为海--那片海,左边那一位是月月 ,9月27日 09:34 
3617,74, 卢森堡王储,哈哈哈左一 ,9月27日 09:33 
3618,74, 0夏尔0,这大清早上的里这么惊悚，不过我非常喜欢！！ ,9月27日 09:32 
3619,74, 云烟224,#魏秋月# 一眼看出最左边 ,9月27日 09:31 
3620,74, FearsomeLaura,hahah OMG aliens!!  ,9月27日 09:28 
3621,74, 进击的狂情磊,月月，殷娜，王宁 ,9月27日 09:23 
3622,74, 魔俪懵智,左边的??看衣服认出来的 ,9月27日 09:18 
3623,74, 马卡巴卡haha,最左边一个 ,9月27日 09:10 
3624,74, 悠悠5794638306,白衣服那位，不能在明显了 ,9月27日 09:08 
3625,74, 爱若琪爱魏秋儿,最左边哪个 萌哒哒的 ,9月27日 09:06 
3626,74, 成功5938217157,逗比月一只 ,9月27日 09:04 
3627,74, 成功5938217157,说错了，右是王宁 ,9月27日 09:03 
3628,74, 成功5938217157,左月爷，中姚小猴，右张晓婷 ,9月27日 09:02 
3629,74, 晨光熹微89331,哈哈哈哈，圆滚滚哒好可爱?? ,9月27日 08:57 
3630,74, 伊人回眸泪眼倾城,呵呵，我知道，左一 ,9月27日 08:56 
3631,74, 丑八怪_妮妮,紫色的 毋庸置疑  ,9月27日 08:55 
3632,74, 虫虫漫天wwwyx-雀儿昕,左一哈哈哈 ,9月27日 08:54 
3633,83, 宋冉学妹,您好啊!想多交点你这样有趣朋友~可以认识下吗.可以互.粉吗? ,9月27日 10:41 
3634,89, 江西师范大学体育学院,回复@江西师范大学文旅学院学生会: ,9月27日 07:50 
3635,89, 江西师范大学文旅学院学生会,体院的大长腿们 ,9月27日 00:11 
3636,89, 贪玩的靖哥哥,排球的超级粉丝 ,9月26日 23:59 
3637,89, 贪玩的靖哥哥,就是帅 ,9月26日 23:59 
3638,89, -徐文静aa,棒！ ,9月26日 23:57 
3639,89, 黄啟华0804,加油师大 ,9月26日 23:28 
3640,97, ohmygod229,回复@宫本无常不带刀:这是人家应得的 为国争光 为省争光 南京房价多少 100万能买几个平方？ ,9月26日 14:59 
3641,97, 云且留住525,实在！ ,9月26日 14:50 
3642,97, 活着333,中国男足得世界冠军时，一人给一亿 ,9月26日 19:59 
3643,97, R罗克,回复@犹曼罗依:谢谢提供啊 ,9月26日 23:01 
3644,97, R罗克,回复@美味说China:你要先分清是政府奖还是企业奖。 ,9月26日 16:59 
3645,97, 就不告诉你b,江苏真的挺抠门的！看看人家河南，浙江 ,9月26日 15:34 
3646,97, R罗克,回复@独行蒙面侠客:有100万真金白银单独奖，已经很给力了。 ,9月26日 16:32 
3647,97, 美味说China,回复@就不告诉你b:你应该去看福建，就给林莉和徐云丽3万奖金。真TM穷疯了，应该是被当官的贪污了 ,9月26日 16:58 
3648,97, 走走停停369,奖少了！ ,9月27日 09:27 
3649,97, 心交感xmz,回复@活着333:欢乐豆？？ ,9月27日 08:05 
3650,97, R罗克,回复@犹曼罗依:谢谢提供啊 ,9月26日 23:01 
3651,97, 殊不知青春不f墨染锦年,就在我们学校 ,9月26日 22:10 
3652,97, 犹曼罗依,给你高清图 ,9月26日 22:09 
3653,97, Carolineym,哇可以 ,9月26日 21:41 
3654,97, 桥头阿烨,回复@美味说China:江苏有钱！ ,9月26日 21:37 
3655,97, 丶筱筱静,@Wuyong婷 ,9月26日 21:30 
3656,97, 花屺7,不要给我 ,9月26日 21:13 
3657,97, 活着333,中国男足得世界冠军时，一人给一亿 ,9月26日 19:59 
3658,97, 就不告诉你b,回复@ohmygod229:所以说江苏省抠。 ,9月26日 19:45 
3659,97, ohmygod229,回复@就不告诉你b:那是企业奖励 江苏省 福建省居然还没发钱 ,9月26日 19:44 
3660,97, wennminn,回复@就不告诉你b:因为小宇在连云港，也是挺光荣的一件事情嘛，所以就会送啊。我们城市小，出过一个奥运冠军，也送的当时。其实在我们小城市，一套房子还好的啦 ,9月26日 19:27 
3661,97, 阿弥陀佛-世界和平,回复@宁然5366:是，不过其实也主要是主教练同意，当年也转会过恒大啊，不过当时八一副攻充足，而且袁新月也还不成气候，现在这种用人的时刻，我相信陈瑶也不会放出去 ,9月26日 19:19 
3662,97, yxz-zxy-,回复@美味说China:辽宁好像没有 ,9月26日 19:15 
3663,97, 就不告诉你b,回复@wennminn:小宇也有房子啊？那小惠呢。哎呀妈呀，这队长真的是操心操肺的不容易，又是门面担当又是发言人担当的。 ,9月26日 19:11 
3664,97, wennminn,回复@就不告诉你b:小宇也给了套房子啊，这都是企业行为，觉得企业可以这样真的很不错了 ,9月26日 19:10 
3665,97, 程晨,100万在苏州跟上海能用啥 买别墅的中的一个角差不多 太少了吧 ,9月26日 19:10 
3666,97, wennminn,回复@宫本无常不带刀:这是多少人当中的十二人啊 又是多少年中的一年啊 ,9月26日 19:09 
3667,97, 宁然5366,回复@阿弥陀佛-世界和平:而且部队编制转会要繁琐一些吧！ ,9月26日 19:04 
3668,97, 如草不能自拔,应该一人一亿@宝贝宁_ZCN @元气少女惠Rachel @龚翔宇宇宇宇bigbang ,9月26日 19:03 
3669,97, 阿弥陀佛-世界和平,回复@宁然5366:八一肯定不放人啊，自己不能引援，而且成绩一年比一年差，感觉八一今年四强不入 ,9月26日 18:51 
3670,97, 呱唧女排魂已上线,大手笔 ,9月26日 18:06 
3671,97, iam小鳗鱼,哇哦，大手笔，应得的 ,9月26日 17:58 
3672,97, 我是彩云之南,大气 ,9月26日 17:56 
3673,97, 12号地才鬼手大BOSS惠尊,这个赞助商不错，实在 ,9月26日 17:48 
3674,97, 宁然5366,联赛一定要重金留住啊，转会政策不是要改革了吗！ ,9月26日 17:26 
3675,97, kim泽xi是条幸福的狗,不知道什么时候能兑现 ,9月26日 17:24 
3676,97, 宁然5366,回复@阿弥陀佛-世界和平:加大投入把果果引进来！小惠要巧打感情牌 ,9月26日 17:24 
3677,97, 超大的瓦良格,回复@独行蒙面侠客:张家港也在江苏啊，小地方的冠军也蛮爽啊，物以稀为贵 ,9月26日 17:16 
3678,97, FirstAscent,嗯 领导工作做得还可以 ,9月26日 17:13 
3679,97, 超大的瓦良格,回复@就不告诉你b:这个没准的，同江苏也有拿块银牌就奖1000多万的 ,9月26日 17:00 
3680,97, R罗克,回复@美味说China:你要先分清是政府奖还是企业奖。 ,9月26日 16:59 
3681,97, 独行蒙面侠客,回复@超大的瓦良格:他那是一个，江苏省 哐 一下来三个冠军 ,9月26日 16:59 
3682,97, 美味说China,回复@就不告诉你b:你应该去看福建，就给林莉和徐云丽3万奖金。真TM穷疯了，应该是被当官的贪污了 ,9月26日 16:58 
3683,97, 超大的瓦良格,钢铁行业日子也不好过，伦敦那次沙钢给当地的银牌得主奖了1000万的别墅。 ,9月26日 16:54 
3684,97, 独行蒙面侠客,回复@R罗克:是呀!挺给力～前面没给前我都被我们江苏这抠门样捂脸～ ,9月26日 16:38 
3685,97, R罗克,回复@独行蒙面侠客:有100万真金白银单独奖，已经很给力了。 ,9月26日 16:32 
3686,97, 独行蒙面侠客,然而在南京100万能买几个平方？不过中天还是挺大方的～毕竟江苏省一点表示也没有 ,9月26日 16:31 
3687,97, linda-pingping,哇塞好实在联赛加油大美苏 ,9月26日 16:28 
3105,1, -uncool,腿比我身高都长 ,9月28日 15:49 
3106,1, 柳宗元,满屏腿这个表情终于用上了 ,9月28日 15:41 
3107,1, JIANG颖QQ,厉害了我的惠队 ,9月28日 15:58 
3108,1, 饮未离_,这大长腿！！是真的好美啊！！ ,9月28日 16:00 
3109,1, SDFSDFSDSFWRWEQWE,这种身材最健康 ,9月28日 15:42 
3110,1, 饿月横,好美 腿又长 ,9月28日 15:41 
3111,1, 舍予在路上,都是多余的修饰 还是赛场上最美 ,9月28日 19:51 
3112,1, yaya_小木偶,粉红丝带关注女性乳房健康 ,今天 01:06 
3113,1, 疏影倾城_M鹿M,惠队超级美呢 ,9月28日 15:46 
3114,1, 如若是你gg,很健康呀 ,12分钟前 
3115,1, 思念是一种病-f,wuli美惠 ,19分钟前 
3116,1, 大嫣DaYan,回复@陈陈陈什么J: ,25分钟前 
3117,1, OW李佳耘,第二张的不明液体… ,27分钟前 
3118,1, 某胖肉很多不愿让你一个人,回复@爱碎碎念的三岁傻妞崔萌萌:好哒 ,28分钟前 
3119,1, 2B专用考试铅笔,她本人比这好看啊 ,30分钟前 
3120,1, 掏光养会,喜欢她在场上拼搏的样子 ,42分钟前 
3121,1, 陈陈陈什么J,回复@大嫣DaYan:你的腿给打齐她的壳期头 ,55分钟前 
3122,1, iiZcm,那摊液体可以的 ,58分钟前 
3123,1, 酒歌1996,真是美女啊，皮肤好，好漂亮的脸，好美的腿，好好看的脚丫啊 ,58分钟前 
3124,1, 此小木木木,@Ye君君ting_SCUT的龟 ,今天 08:52 
3125,1, 大嫣DaYan,回复@陈陈陈什么J:和我差不多 ,今天 08:39 
3126,1, 陈陈陈什么J,回复@大嫣DaYan:这腿都快有我高了 ,今天 08:38 
3127,1, 小确幸jyl,不过惠若琪还是素颜最美呢 ,今天 08:32 
3128,1, 小确幸jyl,九头身小惠 ,今天 08:32 
3129,1, 侠义青年Neo,根本就是拍丑了好嘛。。。摄影师是谁，出来看我打死你 ,今天 08:26 
3130,1, 美mei年nian达da,只有我一个人觉得她像王艳吗 ,今天 08:19 
3131,1, 青柠味的木子,讲真超喜欢她 ,今天 08:17 
3132,1, 青柠味的木子,球场上的惠若琪更美 ,今天 08:16 
3133,1, 调儿啷当的耗子,回复@橷靐:脖子以下全是腿 ,今天 08:11 
3134,1, 食在有福气,图片评论 ,今天 08:03 
3135,1, 小桂子变老桂子,回复@药师Asura:专业排球运动员的一巴掌，不要说若不经风的超模，一个成年壮汉估计也很难扛得住 ,今天 07:57 
3136,1, Sarah婧莎呀_JasonZhang,这身高简直就是秒杀超模，好吗？! ,今天 07:51 
3137,1, 大脚大脸,生活中更美！ ,今天 07:47 
3138,1, 穿背心的小布朗熊,美炸天 ,今天 07:36 
3139,1, 梦絮sunshine星空,看好你 ,今天 07:35 
3140,1, jeffchuwei,今年的粉红丝带代言人耶 ,今天 06:51 
3141,1, 邱志鸥,我主要看脚 脚一般吧 不算良品 ,今天 06:30 
3142,2, 花荫娱_栖,坚守做实业，已经很棒了?? ,9月28日 18:41 
3143,2, mark_Thones,应该说她什么时候出名，人家就什么时候找她 ,9月28日 17:55 
3144,2, Dear_柴帅,股市停盘 ,今天 06:24 
3145,2, 呃祢陀佛,和女排一起成长应该是更加有魅力的 ,今天 02:08 
3146,2, 随噬,确实再次同框好有纪念意义 ,今天 01:34 
3147,2, 晋南频道,十年过得很快，只是希望每一个十年都一样精彩 ,今天 01:32 
3148,2, 申仁熙,喜欢郎平一直都喜欢的！ ,今天 01:24 
3149,2, 侯闰家,21年后再度同框，应该是更加的惺惺相惜吧 ,今天 01:21 
3150,2, 希望太平的女孩,时间飞逝，日月如梭啊 ,今天 01:17 
3151,2, 梅元园_939,非常之激烈，非常看好你。 ,今天 01:10 
3152,2, 阴阿四,我是很佩服这两个的毅力和坚守的哇！ ,今天 01:05 
3153,2, 老男人的悲剧,所以说你们也是成功的发展了很大的一步。 ,今天 00:51 
3154,2, 匿名好友丨,完全不像好吗 ,今天 00:10 
3155,2, 第三个苹果,只有用过TCL产品的人才有资格评价他们，所以我的评价是,今天 00:00 
3156,2, 挣钱的小工,一个人的一生能有几个这样的十年 ,9月28日 23:29 
3157,2, 留恋的喵呜,一晃几十年过去了，真快啊！ ,9月28日 23:12 
3158,2, 煽动击西,我觉得你还是非常棒的，有没有？ ,9月28日 22:40 
3159,2, 晚宜东风,祝贺TCL.这个真的很棒。 ,9月28日 22:12 
3160,2, 麦稞,有幸到现场，见证两位跨界挚交再度同框，蛮感慨~ ,9月28日 21:44 
3161,2, 米兰东北虎,感叹一下时光，人生有多少个十年？ ,9月28日 21:39 
3162,2, 3任务的,时间过的太快了，老了 ,9月28日 18:59 
3163,2, 远方的_家,经历了这么多年头，一定有他的成长历程 ,9月28日 18:59 
3164,2, 慕尼黑大佬,第一张郎指导是多年轻啊，高挑美丽 ,9月28日 18:55 
3165,3, 整碗蹄花面,//@一不小心就对了: 最后希尔那个笑死我了//@charmingphoto:佩服！佩服！ ,今天 02:48 
3166,3, 小小小-小鱼儿,红红火火恍恍惚惚 ,今天 00:09 
3167,3, 若琪惠迷,第一张二惠的表情跟洪荒少女有点像，铜牌，真的吗？ ,今天 00:04 
3168,3, 彤羽,觉得杨方旭每张表情都好有戏剧张力 ,9月28日 22:42 
3169,3, MercurioDong,好喜欢图5哈哈哈哈！ ,9月28日 22:20 
3170,3, iam_Lee5,我家喜儿也出镜了 ,9月28日 22:19 
3171,3, 为什么每次都要逆我CP,回复@原PO等等你的智商掉了:每次看到都笑cry ,9月28日 22:05 
3172,3, 原PO等等你的智商掉了,回复@为什么每次都要逆我CP:我很喜欢这个梗 ,9月28日 22:04 
3173,3, 为什么每次都要逆我CP,po主果然是忘不了海胆 ,9月28日 22:01 
3174,3, 金伯利希尔,回复@原PO等等你的智商掉了:是的 屌屌的 ,9月28日 21:57 
3175,3, torQid,回复@莱盘蔡丝paul:正主认证,9月28日 21:47 
3176,3, 莱盘蔡丝paul,搞笑你是认真的 ,9月28日 21:34 
3177,3, 莱盘蔡丝paul,回复@原PO等等你的智商掉了:扎海胆是什么意思？海胆扎丁霞还是丁霞扎海胆？ ,9月28日 21:33 
3178,3, 尼涡浅笑,回复@原PO等等你的智商掉了:thank you！ ,9月28日 21:21 
3179,3, 原PO等等你的智商掉了,回复@金伯利希尔:希尔那张我真是很喜欢，我觉得她好搞笑啊 ,9月28日 21:18 
3180,3, 原PO等等你的智商掉了,回复@尼涡浅笑:著名的海胆事件你不造么？就是惠若琪在跟郎平朱婷上节目的时候一不小心说漏了，说她们在夏威夷的时候一起出去玩了，朗导说你们怎么不请示就去玩啊，惠队说请示了啊完了丁霞还扎海胆了…朗导就无奈 ,9月28日 21:15 
3181,3, 尼涡浅笑,海胆是什么梗？ ,9月28日 20:54 
3182,3, 金伯利希尔,你的搞笑 ,9月28日 20:43 
3183,3, torQid,希望有一天我霞红到一打她的名字，联想词自动显示海胆 ,9月28日 20:35 
3184,3, 哈皮狗的忧伤555,喜欢海胆霞那一张 ,9月28日 20:32 
3185,3, 默凰君主,大叔转了还能圈地萌吗？ ,9月28日 20:29 
3186,3, 哦小蜜蜂小小小,都好有才 ,9月28日 20:26 
3187,3, 哦小蜜蜂小小小,最后一章笑死 ,9月28日 20:24 
3188,3, HRQ-惠宁片,我也喜欢开饭的这张 ,9月28日 20:24 
3189,3, 叫醒我凉介, ,9月28日 19:49 
3190,3, VanDW,开饭那张 ,9月28日 19:23 
3191,4, 小蔡清粥,太性感了 ,5分钟前 
3192,4, 天天改夜夜改有事就要改,回复@和诚实人做朋友:那惠应该就是个特例了…… ,6分钟前 
3193,4, 歌者之兴晨LWZh, ,8分钟前 
3194,4, 如若是你gg,舔屏 ,21分钟前 
3195,4, 云且留住525,我惠的颜值！没办法就是漂亮！ ,23分钟前 
3196,4, wmf汪,惠若琪 ,23分钟前 
3197,4, 赵茂茂爱吃蛋挞,我的妈呀！ ,24分钟前 
3198,4, 和诚实人做朋友,回复@天天改夜夜改有事就要改:去年的生病前的 ,25分钟前 
3199,4, linda-pingping,超级赞超级美超级棒大美惠 ,27分钟前 
3200,4, 小雪200101,惠队好美 ,34分钟前 
3201,4, 天天改夜夜改有事就要改,马甲线应该是P的吧~~~排球姑娘们以壮实为主，即使有肌肉，线条也不会那么明显！！！ ,35分钟前 
3202,4, dear敏敏特么人, ,35分钟前 
3203,4, 想太多君,腿玩年 ,40分钟前 
3204,4, 清新足各,帅帅的美！ ,45分钟前 
3205,4, whz冬季恋歌,漂亮 ,45分钟前 
3206,4, Lucien_new,怎么感觉奥运会后就只有惠若琪在各种曝光，这是个集体项目啊，我婷光环应该更大，其他 ,46分钟前 
3207,4, 心存乐,三米大长腿 ,46分钟前 
