ID,weiboID,userID,fatherWeiboID,rootWeiboID,content,repostTime
1,1,杨洋icon,0,0,一点都不能少,2016-07-12 16:00
2,2,胡歌,0,0,“有国才有家” 一点不少！ 寸土不让！,2016-07-12 21:36
3,3,宋茜,0,0,这才是中国，一点都不能少。,2016-07-12 17:25
4,4,范冰冰,0,0,这才是中国，一点都不能少。,2016-07-12 17:50
5,5,Johnny黄景瑜,0,0,,2016-07-12 20:16
6,6,王凯kkw,0,0,一点都不能少！,2016-07-12 21:44
7,7,李晨,0,0,,2016-07-12 16:08
8,8,黄渤,0,0,这才是中国，一点都不能少。,2016-07-12 19:49
9,9,Dear-迪丽热巴,0,0,中国，一点都不能少，一寸都不会让。,2016-07-12 21:31
10,10,馬天宇,0,0,#中国一点都不能少#,2016-07-12 17:53
11,11,羊毛们的领头羊,1,0,//@演员与歌者:  //@忽然就醒了今天:一点都不能少//@杨洋icon:一点都不能少,2016-07-18 15:53
12,12,此号只为杨洋开,1,0,//@演员与歌者:  //@忽然就醒了今天:一点都不能少//@杨洋icon:一点都不能少,2016-07-18 15:53
13,13,杨洋是世界上最好的哥哥,1,0,//@演员与歌者:  //@忽然就醒了今天:一点都不能少//@杨洋icon:一点都不能少,2016-07-18 15:53
14,14,MAY86492,1,0,//@此号只为杨洋开://@演员与歌者:  //@忽然就醒了今天:一点都不能少//@杨洋icon:一点都不能少,2016-07-18 15:52
15,15,此号只为杨洋开,1,0,//@演员与歌者:  //@忽然就醒了今天:一点都不能少//@杨洋icon:一点都不能少,2016-07-18 15:48
16,16,羊毛们的领头羊,1,0,//@演员与歌者:  //@忽然就醒了今天:一点都不能少//@杨洋icon:一点都不能少,2016-07-18 15:48
17,17,杨洋是世界上最好的哥哥,1,0,//@演员与歌者:  //@忽然就醒了今天:一点都不能少//@杨洋icon:一点都不能少,2016-07-18 15:48
18,18,羊毛们的领头羊,1,0,//@演员与歌者:  //@忽然就醒了今天:一点都不能少//@杨洋icon:一点都不能少,2016-07-18 15:43
19,19,杨洋是世界上最好的哥哥,1,0,//@演员与歌者:  //@忽然就醒了今天:一点都不能少//@杨洋icon:一点都不能少,2016-07-18 15:43
20,20,此号只为杨洋开,1,0,//@演员与歌者:  //@忽然就醒了今天:一点都不能少//@杨洋icon:一点都不能少,2016-07-18 15:43
21,21,花于骨,2,0,#中国一点都不能少#寸土不让//@胡歌:“有国才有家” 一点不少！ 寸土不让！,2016-07-12 22:02
22,22,萌猫图图,2,0,支持 //@胡歌:“有国才有家” 一点不少！ 寸土不让！,2016-07-12 22:10
23,23,胡歌数据组,2,0,#中国一点都不能少# 一点不少，寸土不让！//@胡歌:“有国才有家” 一点不少！ 寸土不让！,2016-07-12 21:42
24,24,胡歌爱吃的牛油果_帝王椒,2,0,#中国一点都不能少# 中国领土神圣不可侵犯寸土必争！//@胡歌:“有国才有家” 一点不少！ 寸土不让！,2016-07-12 22:17
25,25,蓝蓝花,2,0,#中国一点都不能少# 你演过林觉民，演过戴涛，演过明台，你最知道有国才有家～爱我中华，无论过去、现在，还是将来～//@胡歌:“有国才有家” 一点不少！ 寸土不让！,2016-07-12 22:18
26,26,云起的守候,2,0, #中国一点也不能少# 国家主权，不容侵犯。中国 ，一点也不能少，一寸也不会让 ??犯我中华者，虽远必诛  ！#胡歌# @胡歌 //@胡歌:“有国才有家” 一点不少！ 寸土不让！,2016-07-12 21:43
27,27,maomao爱猫猫,2,0,#中国一点都不能少#有国才有家！//@胡歌:“有国才有家” 一点不少！ 寸土不让！,2016-07-12 21:44
28,28,梧桐花开早,2,0,是的 寸土不能少犯我中华者 虽远必诛//@胡歌:“有国才有家” 一点不少！ 寸土不让！,2016-07-12 21:40
29,29,胡歌贴吧官方微博,2,0,#中国一点都不能少#//@胡歌:“有国才有家” 一点不少！ 寸土不让！,2016-07-12 21:48
30,30,林儿不发财天理难容,2,0,#中国一点都不能少#//@胡歌:“有国才有家” 一点不少！ 寸土不让！,2016-07-13 06:09
31,31,日宣小组SongQian,3,0,#中国一点都不能少#这才是中国，一点都不能少。??//@宋茜:这才是中国，一点都不能少。,2016-07-12 17:26
32,32,宋茜吧_VictoriaBar,3,0,中国一点都不能少，该是我们的，寸土必保！//@宋茜: 这才是中国，一点都不能少。,2016-07-12 17:36
33,33,宋茜工作室,3,0,这才是中国，一点都不能少 //@宋茜:这才是中国，一点都不能少。,2016-07-12 18:03
34,34,送阳光V,3,0,#中国一点都不能少#//@宋茜:这才是中国，一点都不能少。,2016-07-12 17:47
35,35,浅水小鱼2222,3,0,#中国一点都不能少#//@宋茜:这才是中国，一点都不能少。,2016-07-12 18:05
36,36,我有一个梨丶,3,0,这才是中国，一点都不能少。 //@宋茜:这才是中国，一点都不能少。,2016-07-12 19:47
37,37,朝宋Storia,3,0,//@宋茜:这才是中国，一点都不能少。,2016-07-12 21:32
38,38,欧丽琼94,3,0,“不是中国的，一份不要；该是我们的，寸土必保！”#中国一点都不能少#//@宋茜: 这才是中国，一点都不能少。,2016-07-12 17:34
39,39,宋小王子coriander,3,0,一点都不能少 //@宋茜:这才是中国，一点都不能少。,2016-07-12 17:27
40,40,狮心蜂香菜君,3,0,我是中国人，来生还做种花人//@宋茜:这才是中国，一点都不能少。,2016-07-12 17:47
41,41,严屹宽,4,0,共同守护，一点也不能少//@范冰冰:这才是中国，一点都不能少。,2016-07-12 18:05
42,42,范冰冰工作室,4,0,一点都不能少 //@范冰冰:这才是中国，一点都不能少。,2016-07-12 17:59
43,43,挑战者联盟,4,0,#挑战者联盟#一点都不能少//@范冰冰: 这才是中国，一点都不能少。,2016-07-12 20:29
44,44,范冰冰粉丝团,4,0,一点不能少//@范冰冰:这才是中国，一点都不能少。,2016-07-12 18:11
45,45,萌大雨YUYU,4,0, //@范冰冰:这才是中国，一点都不能少。,2016-07-12 22:47
46,46,冰冰晨报官博,4,0,#南海是中国的# 决不让步 //@范冰冰:这才是中国，一点都不能少。,2016-07-12 17:54
47,47,任大称,4,0,中国一点都不能少- //@范冰冰:这才是中国，一点都不能少。,2016-07-12 19:15
48,48,电影绝地逃亡官微,4,0,//@范冰冰: 这才是中国，一点都不能少。,2016-07-12 18:21
49,49,小黄少,4,0,一点都不能少 //@范冰冰:这才是中国，一点都不能少。,2016-07-12 18:04
50,50,朱德泉,4,0, //@范冰冰:这才是中国，一点都不能少。,2016-07-12 19:48
51,51,黄景瑜工作室2016,5,0, //@Johnny黄景瑜:,2016-07-12 20:18
52,52,放逐遗失,5,0, //@Johnny黄景瑜:,2016-07-12 20:27
53,53,黄景瑜打投净化站,5,0, //@Johnny黄景瑜:,2016-07-12 20:18
54,54,想见黄景瑜的猪猪,5,0, //@Johnny黄景瑜:,2016-07-12 20:26
55,55,我才不喜欢黄景瑜呢,5,0,#中国一点都不能少# 一点都不能少！  //@Johnny黄景瑜:,2016-07-12 20:20
56,56,不备酒歌,5,0,#黄景瑜# 爱国少年从来都是正能量满满@Johnny黄景瑜 //@Johnny黄景瑜:,2016-07-12 20:27
57,57,Johnny黄景瑜全球粉丝后援会,5,0,黄景瑜???查看图片 //@Johnny黄景瑜:,2016-07-12 20:44
58,58,liebe_ay,5,0, 我爱中国??中国一点都不能少//@Johnny黄景瑜:,2016-07-12 20:27
59,59,黄景瑜的团团君,5,0, //@Johnny黄景瑜:,2016-07-12 20:25
60,60,A面B面-刘铮,5,0, //@Johnny黄景瑜:,2016-07-12 20:17
61,61,得舍王凯工作室,6,0,这才是中国#中国一点都不能少#//@王凯kkw:一点都不能少！,2016-07-12 21:52
62,62,王凯浙江影迷会,6,0,一点都不能少 //@王凯kkw:一点都不能少！,2016-07-12 21:44
63,63,王凯影迷会iwangkai,6,0,#中国一点都不能少# //@王凯kkw:一点都不能少！,2016-07-12 21:49
64,64,王凯数据宣传组,6,0, //@王凯kkw:一点都不能少！,2016-07-12 22:54
65,65,光明植物活力,6,0,中国的领土主权和海洋权益，不需要别人仲裁！我们不接受！不参与！不承认！#中国一点都不能少#！植物活力对待活菌的严谨态度犹如中国对南海的严肃立场——300亿活菌一个也不能少！ //@王凯kkw: 一点都不能少！,2016-07-13 11:08
66,66,kkw-wk,6,0,我们家领土虽然大，但没有一寸是多余的 //@王凯kkw:一点都不能少！,2016-07-12 21:48
67,67,TotoYogurt,6,0,一块刺身一碗鱼头汤一个炸鱼尾巴都不给他们?? //@王凯kkw:一点都不能少！,2016-07-12 21:48
68,68,AUGUSTEIGHTEEN_818,6,0,一点都不能少 //@王凯kkw:一点都不能少！,2016-07-12 21:49
69,69,王凯欧洲粉丝群,6,0,#中国一点都不能少# 正是这样的中国，才能让我们即使远在异国他乡也能够堂堂正正地作为一个中国人努力生活，这样的中国#一点都不能少#??//@王凯kkw:一点都不能少！,2016-07-12 22:08
70,70,沃翠网沃满址,6,0,#陪王凯战斗一夏#??#王凯kkw#???——@王凯kkw 数据粉小尾巴2//@王凯kkw: 一点都不能少！,2016-07-18 16:04
71,71,挑战者联盟,7,0,#挑战者联盟#//@李晨: ,2016-07-12 16:22
72,72,约吧大明星,7,0,一点都不能少//@李晨: ,2016-07-12 19:46
73,73,李晨工作室,7,0, //@李晨:,2016-07-12 20:22
74,74,乐视娱乐,7,0,中国//@李晨: ,2016-07-12 16:25
75,75,认真萌陈陈,7,0, //@李晨:,2016-07-12 16:09
76,76,冰冰晨报官博,7,0,#中国一点都不能少#  //@李晨:,2016-07-12 16:10
77,77,李晨论坛晨光迷影,7,0,//@李晨: ,2016-07-12 17:04
78,78,京环之声,7,0, //@李晨:,2016-07-12 17:16
79,79,迷戀熊猫家的JUN_K,7,0,//@李晨: ,2016-07-12 16:10
80,80,他们叫我猫爷爷,7,0,//@李晨:,2016-07-18 15:53
81,81,-叁木Sanmu-,8,0,//@黄渤: 这才是中国，一点都不能少。,2016-07-12 19:53
82,82,黄渤官影会,8,0,中国一点都不能少 //@黄渤:这才是中国，一点都不能少。,2016-07-12 21:44
83,83,吴靖萱,8,0,一个都不能少！！！ //@黄渤:这才是中国，一点都不能少。,2016-07-14 21:17
84,84,喜欢喜欢超喜欢x,8,0,#中国一点都不能少#??//@黄渤:这才是中国，一点都不能少。,2016-07-12 19:50
85,85,黄渤百度贴吧,8,0,一点都不！//@黄渤:这才是中国，一点都不能少。,2016-07-12 20:09
86,86,xiaole宵乐,8,0,#中国一点都不能少# 都是我们中国的！ //@黄渤:这才是中国，一点都不能少。,2016-07-12 19:56
87,87,忠犬青女王宇咸鱼喵,8,0,一点都不能少 //@皮蛋星青宇唯: //@黄渤:这才是中国，一点都不能少。,2016-07-12 19:52
88,88,喵子子子子,8,0,//@黄渤:这才是中国，一点都不能少。,2016-07-12 19:53
89,89,黄金巨蟹宫,8,0,//@黄渤:这才是中国，一点都不能少。,2016-07-18 16:13
90,90,妮妮5943312840,8,0,//@黄渤:这才是中国，一点都不能少。,2016-07-18 16:11
91,91,Dear迪丽热巴后援会,9,0,#中国一点都不能少# 中国领土，寸土不让！//@Dear-迪丽热巴:中国，一点都不能少，一寸都不会让。,2016-07-12 21:38
92,92,粽子围剿冷巴驻热巴总区总司令,9,0,爱国迪上线。中国一点都不能少！ //@Dear-迪丽热巴:中国，一点都不能少，一寸都不会让。,2016-07-12 21:36
93,93,疯疯疯疯疯娇,9,0,对！一点都不让！//@Dear-迪丽热巴:中国，一点都不能少，一寸都不会让。,2016-07-12 21:38
94,94,麦胖子巴巴,9,0,//@Dear-迪丽热巴:中国，一点都不能少，一寸都不会让。,2016-07-12 21:34
95,95,奶味老干妈,9,0,就冲那美味的海鲜，你能让吗 //@Dear-迪丽热巴:中国，一点都不能少，一寸都不会让。,2016-07-12 22:21
96,96,Everything迪丽热巴你敢上我吗,9,0,鱼干都不给一条//@Dear-迪丽热巴:中国，一点都不能少，一寸都不会让。,2016-07-12 21:45
97,97,D-天才在左疯子在右,9,0,一寸不让//@Dear-迪丽热巴:中国，一点都不能少，一寸都不会让。,2016-07-12 21:32
98,98,Daping要为迪丽热巴盖城堡,9,0,南海是中国的！一点都不能少！一寸都不会让！//@Dear-迪丽热巴:中国，一点都不能少，一寸都不会让。,2016-07-12 21:53
99,99,berry-lover199412,9,0,一滴水都不行//@Dear-迪丽热巴:中国，一点都不能少，一寸都不会让。,2016-07-12 21:34
100,100,亲爱滴白村长,9,0,//@Dear-迪丽热巴:中国，一点都不能少，一寸都不会让。,2016-07-12 21:59
101,101,陶昕然,10,0,#中国一点都不能少#??//@馬天宇:#中国一点都不能少#,2016-07-12 19:05
102,102,马天宇微博搬砖队,10,0,#中国一点都不能少#??//@馬天宇:#中国一点都不能少#__,2016-07-12 18:00
103,103,放开我北鼻,10,0,#中国一点都不能少# //@馬天宇:#中国一点都不能少#,2016-07-12 18:37
104,104,马天宇-宇你同行驿站,10,0,#中国一点都不能少# 这就是我们所有人的态度。 //@馬天宇:#中国一点都不能少#,2016-07-12 17:57
105,105,马天宇全球后援会,10,0,#中国一点都不能少# //@馬天宇:#中国一点都不能少#,2016-07-12 18:45
106,106,马天宇微博后援会,10,0,#中国一点都不能少#??//@馬天宇:#中国一点都不能少#,2016-07-12 17:54
107,107,髙巍_,10,0,#中国一点都不能少#//@馬天宇:#中国一点都不能少#,2016-07-12 18:11
108,108,雨梦中的晴天,10,0,#中国一点也不能少##南海是中国的#一滴水也不给//@馬天宇:#中国一点都不能少#,2016-07-12 18:20
109,109,坚强的馬天羽,10,0,#中国一点都不能少#//@馬天宇:#中国一点都不能少#,2016-07-12 18:01
110,110,Botija,10,0, //@专注拉郎三百年://@馬天宇: #中国一点都不能少#,2016-07-12 18:27
111,111,乜T_,21,0,//@花于骨: #中国一点都不能少#寸土不让//@胡歌:“有国才有家” 一点不少！ 寸土不让！,2016-07-17 23:01
112,112,乜T_,21,0,//@花于骨: #中国一点都不能少#寸土不让//@胡歌:“有国才有家” 一点不少！ 寸土不让！,2016-07-17 23:00
113,113,如此不发财天理难容,21,0,#中国一点都不能少#//@花于骨4号://@花于骨: #中国一点都不能少#寸土不让//@胡歌:“有国才有家” 一点不少！ 寸土不让！,2016-07-17 14:53
114,114,如此不发财天理难容,21,0,#中国一点都不能少##胡歌#//@花于骨4号://@花于骨: #中国一点都不能少#寸土不让//@胡歌:“有国才有家” 一点不少！ 寸土不让！,2016-07-17 14:49
115,115,如此不发财天理难容,21,0,//@花于骨4号://@花于骨: #中国一点都不能少#寸土不让//@胡歌:“有国才有家” 一点不少！ 寸土不让！,2016-07-17 14:49
116,116,豪爽的针织衫,21,0,//@花于骨: #中国一点都不能少#寸土不让//@胡歌:“有国才有家” 一点不少！ 寸土不让！,2016-07-17 14:25
117,117,长不大的草稿本20170,21,0,//@花于骨: #中国一点都不能少#寸土不让//@胡歌:“有国才有家” 一点不少！ 寸土不让！,2016-07-17 14:25
118,118,谦虚的略矫情的白晶晶918,21,0,//@花于骨: #中国一点都不能少#寸土不让//@胡歌:“有国才有家” 一点不少！ 寸土不让！,2016-07-17 14:25
119,119,豪爽的投影仪2011,21,0,//@花于骨: #中国一点都不能少#寸土不让//@胡歌:“有国才有家” 一点不少！ 寸土不让！,2016-07-17 14:25
120,120,听水声潺潺rQzMalcolm,21,0,//@花于骨: #中国一点都不能少#寸土不让//@胡歌:“有国才有家” 一点不少！ 寸土不让！,2016-07-17 14:25
121,121,喵喵19820920,22,0,//@萌猫图图: 支持 //@胡歌:“有国才有家” 一点不少！ 寸土不让！????,2016-07-18 11:30
122,122,图图19820920,22,0,//@萌猫图图: 支持 //@胡歌:“有国才有家” 一点不少！ 寸土不让！????,2016-07-18 11:30
123,123,yiyi19820920,22,0,//@萌猫图图: 支持 //@胡歌:“有国才有家” 一点不少！ 寸土不让！????,2016-07-18 11:30
124,124,精分贝贝,22,0,//@萌猫图图: 支持 //@胡歌:“有国才有家” 一点不少！ 寸土不让！????,2016-07-18 11:30
125,125,小萌不发财天理难容,22,0,//@萌猫图图: 支持 //@胡歌:“有国才有家” 一点不少！ 寸土不让！????,2016-07-18 11:30
126,126,yingying图图,22,0,//@萌猫图图: 支持 //@胡歌:“有国才有家” 一点不少！ 寸土不让！????,2016-07-18 11:30
127,127,调皮的小熊猫恋歌,22,0,//@萌猫图图: 支持 //@胡歌:“有国才有家” 一点不少！ 寸土不让！????,2016-07-18 11:30
128,128,柔美的小摩托,22,0,//@萌猫图图: 支持 //@胡歌:“有国才有家” 一点不少！ 寸土不让！????,2016-07-18 11:30
129,129,烦恼的苦咖啡55555,22,0,//@萌猫图图: 支持 //@胡歌:“有国才有家” 一点不少！ 寸土不让！????,2016-07-18 11:30
130,130,精分贝贝,22,0,//@萌猫图图: 支持 //@胡歌:“有国才有家” 一点不少！ 寸土不让！,2016-07-18 11:25
131,131,你们不发财天理难容,23,0,#胡歌# #胡歌猎场# #应无所住# #被胡歌打脸# #胡歌长江源环保公益行# #电视剧猎场# #胡歌益起来# @胡歌??//@胡歌数据组:#中国一点都不能少# //@胡歌:“有国才有家” 一点不少！ 寸土不让！,2016-07-12 21:46
132,132,纯白色胖次,23,0,//@你们不发财天理难容: #胡歌# #胡歌猎场# #应无所住# #被胡歌打脸# #胡歌长江源环保公益行# #电视剧猎场# #胡歌益起来# @胡歌??//@胡歌数据组:#中国一点都不能少# //@胡歌:“有国才有家” 一点不少！ 寸土不让！,2016-07-18 15:40
133,133,邓春夏13,23,0,//@你们不发财天理难容: #胡歌# #胡歌猎场# #应无所住# #被胡歌打脸# #胡歌长江源环保公益行# #电视剧猎场# #胡歌益起来# @胡歌??//@胡歌数据组:#中国一点都不能少# //@胡歌:“有国才有家” 一点不少！ 寸土不让！,2016-07-18 15:40
134,134,邓春夏zz,23,0,//@你们不发财天理难容: #胡歌# #胡歌猎场# #应无所住# #被胡歌打脸# #胡歌长江源环保公益行# #电视剧猎场# #胡歌益起来# @胡歌??//@胡歌数据组:#中国一点都不能少# //@胡歌:“有国才有家” 一点不少！ 寸土不让！,2016-07-18 15:40
135,135,邓春夏14,23,0,//@你们不发财天理难容: #胡歌# #胡歌猎场# #应无所住# #被胡歌打脸# #胡歌长江源环保公益行# #电视剧猎场# #胡歌益起来# @胡歌??//@胡歌数据组:#中国一点都不能少# //@胡歌:“有国才有家” 一点不少！ 寸土不让！,2016-07-18 15:40
136,136,强悍的梦姑82475,23,0,//@你们不发财天理难容: #胡歌# #胡歌猎场# #应无所住# #被胡歌打脸# #胡歌长江源环保公益行# #电视剧猎场# #胡歌益起来# @胡歌??//@胡歌数据组:#中国一点都不能少# //@胡歌:“有国才有家” 一点不少！ 寸土不让！,2016-07-18 15:40
137,137,你们不发财天理难容,23,0,//@你们不发财天理难容: #胡歌# #胡歌猎场# #应无所住# #被胡歌打脸# #胡歌长江源环保公益行# #电视剧猎场# #胡歌益起来# @胡歌??//@胡歌数据组:#中国一点都不能少# //@胡歌:“有国才有家” 一点不少！ 寸土不让！,2016-07-18 15:40
138,138,胡子拉碴的姜云凡885,23,0,//@你们不发财天理难容: #胡歌# #胡歌猎场# #应无所住# #被胡歌打脸# #胡歌长江源环保公益行# #电视剧猎场# #胡歌益起来# @胡歌??//@胡歌数据组:#中国一点都不能少# //@胡歌:“有国才有家” 一点不少！ 寸土不让！,2016-07-18 15:40
139,139,可爱多感性的辣妈,23,0,//@你们不发财天理难容: #胡歌# #胡歌猎场# #应无所住# #被胡歌打脸# #胡歌长江源环保公益行# #电视剧猎场# #胡歌益起来# @胡歌??//@胡歌数据组:#中国一点都不能少# //@胡歌:“有国才有家” 一点不少！ 寸土不让！,2016-07-18 15:40
140,140,移动客户2287941885,23,0,//@你们不发财天理难容: #胡歌# #胡歌猎场# #应无所住# #被胡歌打脸# #胡歌长江源环保公益行# #电视剧猎场# #胡歌益起来# @胡歌??//@胡歌数据组:#中国一点都不能少# //@胡歌:“有国才有家” 一点不少！ 寸土不让！,2016-07-18 15:40
141,141,乜T_,24,0,//@胡歌爱吃的牛油果_帝王椒: #中国一点都不能少# 中国领土神圣不可侵犯寸土必争！//@胡歌:“有国才有家” 一点不少！ 寸土不让！,2016-07-17 23:01
142,142,气宇轩昂的诸葛,24,0,//@胡歌爱吃的牛油果_帝王椒: #中国一点都不能少# 中国领土神圣不可侵犯寸土必争！//@胡歌:“有国才有家” 一点不少！ 寸土不让！,2016-07-15 09:00
143,143,胡喵喵的向日葵,24,0,//@胡歌爱吃的牛油果_帝王椒: #中国一点都不能少# 中国领土神圣不可侵犯寸土必争！//@胡歌:“有国才有家” 一点不少！ 寸土不让！,2016-07-15 09:00
144,144,豪爽的路灯,24,0,//@胡歌爱吃的牛油果_帝王椒: #中国一点都不能少# 中国领土神圣不可侵犯寸土必争！//@胡歌:“有国才有家” 一点不少！ 寸土不让！,2016-07-15 09:00
145,145,发呆的蛋挞199011,24,0,//@胡歌爱吃的牛油果_帝王椒: #中国一点都不能少# 中国领土神圣不可侵犯寸土必争！//@胡歌:“有国才有家” 一点不少！ 寸土不让！,2016-07-15 09:00
146,146,着急的香烟,24,0,//@胡歌爱吃的牛油果_帝王椒: #中国一点都不能少# 中国领土神圣不可侵犯寸土必争！//@胡歌:“有国才有家” 一点不少！ 寸土不让！,2016-07-15 09:00
147,147,在那云深不知处,24,0,//@胡歌爱吃的牛油果_帝王椒: #中国一点都不能少# 中国领土神圣不可侵犯寸土必争！//@胡歌:“有国才有家” 一点不少！ 寸土不让！,2016-07-15 09:00
148,148,香车美人胡喵喵,24,0,//@胡歌爱吃的牛油果_帝王椒: #中国一点都不能少# 中国领土神圣不可侵犯寸土必争！//@胡歌:“有国才有家” 一点不少！ 寸土不让！,2016-07-15 09:00
149,149,白兰帝燕麦胡,24,0,//@胡歌爱吃的牛油果_帝王椒: #中国一点都不能少# 中国领土神圣不可侵犯寸土必争！//@胡歌:“有国才有家” 一点不少！ 寸土不让！,2016-07-15 09:00
150,150,人比花娇胡喵喵,24,0,//@胡歌爱吃的牛油果_帝王椒: #中国一点都不能少# 中国领土神圣不可侵犯寸土必争！//@胡歌:“有国才有家” 一点不少！ 寸土不让！,2016-07-15 09:00
151,151,云起的守候,25,0,#中国一点都不能少# “有国才有家”，无论林觉民还是戴涛，无论明台还是胡歌，无论角色还是我们，都是生于斯长于斯也会扎根于斯的中华儿女，我们的家，寸土不让！ //@蓝蓝花:你演过林觉民，演过戴涛演过明台你最知道有国才有家爱我中华无论过去现在还是将来//@胡歌:“有国才有家” 一点不少寸土不让,2016-07-12 22:36
152,152,古月的风儿,25,0,//@蓝蓝花:#中国一点都不能少# 你演过林觉民，演过戴涛，演过明台，你最知道有国才有家～爱我中华，无论过去、现在，还是将来～//@胡歌:“有国才有家” 一点不少！ 寸土不让！,2016-07-12 22:37
153,153,淡墨山水梅香如故,25,0,#中国一点都不能少# 爱我中华！保卫我的家园！//@蓝蓝花:#中国一点都不能少# 你演过林觉民，演过戴涛，演过明台，你最知道有国才有家～爱我中华，无论过去、现在，还是将来～//@胡歌:“有国才有家” 一点不少！ 寸土不让！,2016-07-15 18:07
154,154,陌浅笙歌,25,0,#胡歌#一点不能少//@蓝蓝花:#中国一点都不能少# 你演过林觉民，演过戴涛，演过明台，你最知道有国才有家～爱我中华，无论过去、现在，还是将来～//@胡歌:“有国才有家” 一点不少！ 寸土不让！,2016-07-14 22:27
155,155,江左盟_萌主,25,0, //@蓝蓝花:#中国一点都不能少# 你演过林觉民，演过戴涛，演过明台，你最知道有国才有家～爱我中华，无论过去、现在，还是将来～//@胡歌:“有国才有家” 一点不少！ 寸土不让！,2016-07-14 21:50
156,156,如梦似幻懿儿,25,0, //@蓝蓝花:#中国一点都不能少# 你演过林觉民，演过戴涛，演过明台，你最知道有国才有家～爱我中华，无论过去、现在，还是将来～//@胡歌:“有国才有家” 一点不少！ 寸土不让！,2016-07-14 16:10
157,157,精分小龙虾,25,0, //@蓝蓝花:#中国一点都不能少# 你演过林觉民，演过戴涛，演过明台，你最知道有国才有家～爱我中华，无论过去、现在，还是将来～//@胡歌:“有国才有家” 一点不少！ 寸土不让！,2016-07-14 15:37
158,158,30号的20号,25,0,//@蓝蓝花: #中国一点都不能少# 你演过林觉民，演过戴涛，演过明台，你最知道有国才有家～爱我中华，无论过去、现在，还是将来～//@胡歌:“有国才有家” 一点不少！ 寸土不让！,2016-07-14 14:11
159,159,古月雪染,25,0,犯我中华者，虽远必诛//@蓝蓝花:#中国一点都不能少# 你演过林觉民，演过戴涛，演过明台，你最知道有国才有家～爱我中华，无论过去、现在，还是将来～//@胡歌:“有国才有家” 一点不少！ 寸土不让！,2016-07-14 14:08
160,160,古月的蘑菇头,25,0,//@史蒂芬-球员胡歌://@古月的风儿://@蓝蓝花:#中国一点都不能少# 你演过林觉民，演过戴涛，演过明台，你最知道有国才有家～爱我中华，无论过去、现在，还是将来～//@胡歌:“有国才有家” 一点不少！ 寸土不让！,2016-07-14 11:58
161,161,春夏秋冬不发财天理难容,26,0,-//@云起的守候: #中国一点也不能少# 国家主权，不容侵犯。中国 ，一点也不能少，一寸也不会让 ??犯我中华者，虽远必诛  ！#胡歌# @胡歌 //@胡歌:“有国才有家” 一点不少！ 寸土不让！,2016-07-13 00:23
162,162,淡墨山水梅香如故,26,0,#中国一点都不能少# “有国才有家”保卫家园寸土不让！！  //@云起的守候: #中国一点也不能少# 国家主权，不容侵犯。中国 ，一点也不能少，一寸也不会让 ??犯我中华者，虽远必诛  ！#胡歌# @胡歌 //@胡歌:“有国才有家” 一点不少！ 寸土不让！,2016-07-15 18:02
163,163,精分小龙虾,26,0, //@云起的守候: #中国一点也不能少# 国家主权，不容侵犯。中国 ，一点也不能少，一寸也不会让 ??犯我中华者，虽远必诛  ！#胡歌# @胡歌 //@胡歌:“有国才有家” 一点不少！ 寸土不让！,2016-07-14 15:38
164,164,萌猫图图,26,0,在领土问题上不会有一丝一毫的退让。中国一点都不能少//@云起的守候: #中国一点也不能少# 国家主权，不容侵犯。中国 ，一点也不能少，一寸也不会让 ??犯我中华者，虽远必诛  ！#胡歌# @胡歌 //@胡歌:“有国才有家” 一点不少！ 寸土不让！,2016-07-13 15:10
165,165,萌猫图图,26,0, //@云起的守候: #中国一点也不能少# 国家主权，不容侵犯。中国 ，一点也不能少，一寸也不会让 ??犯我中华者，虽远必诛  ！#胡歌# @胡歌 //@胡歌:“有国才有家” 一点不少！ 寸土不让！,2016-07-13 15:09
166,166,我是你的关键,26,0,s//@春夏秋冬不发财天理难容:z//@春夏秋冬不发财天理难容:-//@云起的守候: #中国一点也不能少# 国家主权，不容侵犯。中国 ，一点也不能少，一寸也不会让 ??犯我中华者，虽远必诛  ！#胡歌# @胡歌 //@胡歌:“有国才有家” 一点不少！ 寸土不让！,2016-07-13 14:31
167,167,我是你的关键,26,0,p//@春夏秋冬不发财天理难容:z//@春夏秋冬不发财天理难容:-//@云起的守候: #中国一点也不能少# 国家主权，不容侵犯。中国 ，一点也不能少，一寸也不会让 ??犯我中华者，虽远必诛  ！#胡歌# @胡歌 //@胡歌:“有国才有家” 一点不少！ 寸土不让！,2016-07-13 14:30
168,168,月月不发财天理难容1838,27,0,20//@maomao爱猫猫:#中国一点都不能少#有国才有家！//@胡歌:“有国才有家” 一点不少！ 寸土不让！,2016-07-12 21:54
169,169,月月不发财天理难容1838,27,0,11//@maomao爱猫猫:#中国一点都不能少#有国才有家！//@胡歌:“有国才有家” 一点不少！ 寸土不让！,2016-07-18 06:41
170,170,月月不发财天理难容1838,27,0,18//@maomao爱猫猫:#中国一点都不能少#有国才有家！//@胡歌:“有国才有家” 一点不少！ 寸土不让！,2016-07-18 06:41
171,171,吴龙Crazy锐,27,0,//@吴龙Crazy锐: //@maomao爱猫猫: #中国一点都不能少#有国才有家！//@胡歌:“有国才有家” 一点不少！ 寸土不让！,2016-07-16 19:02
172,172,吴龙Crazy锐,27,0,//@吴龙Crazy锐: //@maomao爱猫猫: #中国一点都不能少#有国才有家！//@胡歌:“有国才有家” 一点不少！ 寸土不让！,2016-07-16 19:02
173,173,zengweizhe蔓,27,0,//@zengweizhe蔓: //@maomao爱猫猫: #中国一点都不能少#有国才有家！//@胡歌:“有国才有家” 一点不少！ 寸土不让！,2016-07-16 19:01
174,174,zengweizhe蔓,27,0,//@zengweizhe蔓: //@maomao爱猫猫: #中国一点都不能少#有国才有家！//@胡歌:“有国才有家” 一点不少！ 寸土不让！,2016-07-16 19:01
175,175,常蕊爽_jwc宙,27,0,//@常蕊爽_jwc宙: //@maomao爱猫猫: #中国一点都不能少#有国才有家！//@胡歌:“有国才有家” 一点不少！ 寸土不让！,2016-07-16 18:31
176,176,常蕊爽_jwc宙,27,0,//@常蕊爽_jwc宙: //@maomao爱猫猫: #中国一点都不能少#有国才有家！//@胡歌:“有国才有家” 一点不少！ 寸土不让！,2016-07-16 18:31
177,177,蕙慧蕙夕秋,27,0,//@蕙慧蕙夕秋: //@maomao爱猫猫: #中国一点都不能少#有国才有家！//@胡歌:“有国才有家” 一点不少！ 寸土不让！,2016-07-16 18:30
178,178,醒醒AIHUGE,29,0,中国一点都不能少 //@胡歌贴吧官方微博:#中国一点都不能少#//@胡歌:“有国才有家” 一点不少！ 寸土不让！,2016-07-12 22:02
179,179,毛茛47,29,0,一点不能少//@胡歌贴吧官方微博:#中国一点都不能少#//@胡歌:“有国才有家” 一点不少！ 寸土不让！,2016-07-13 08:33
180,180,凯妮诗,29,0,//@胡歌贴吧官方微博:#中国一点都不能少#//@胡歌:“有国才有家” 一点不少！ 寸土不让！,2016-07-16 19:38
181,181,Anno煜誉,29,0,#胡歌#//@胡歌贴吧官方微博:#中国一点都不能少#//@胡歌:“有国才有家” 一点不少！ 寸土不让！,2016-07-15 23:15
182,182,手机用户2883172625,30,0,//@林儿不发财天理难容: #中国一点都不能少#//@胡歌:“有国才有家” 一点不少！ 寸土不让！,2016-07-18 16:55
183,183,手机用户2894239721,30,0,//@林儿不发财天理难容: #中国一点都不能少#//@胡歌:“有国才有家” 一点不少！ 寸土不让！,2016-07-18 16:55
184,184,手机用户2077086387,30,0,//@林儿不发财天理难容: #中国一点都不能少#//@胡歌:“有国才有家” 一点不少！ 寸土不让！,2016-07-18 16:55
185,185,爱旅游的明日香,30,0,//@林儿不发财天理难容: #中国一点都不能少#//@胡歌:“有国才有家” 一点不少！ 寸土不让！,2016-07-18 16:55
186,186,阳光的佛珠11,30,0,//@林儿不发财天理难容: #中国一点都不能少#//@胡歌:“有国才有家” 一点不少！ 寸土不让！,2016-07-18 16:55
187,187,害羞的哈维尔,30,0,//@林儿不发财天理难容: #中国一点都不能少#//@胡歌:“有国才有家” 一点不少！ 寸土不让！,2016-07-18 16:55
188,188,手机用户1918550795,30,0,//@林儿不发财天理难容: #中国一点都不能少#//@胡歌:“有国才有家” 一点不少！ 寸土不让！,2016-07-18 16:55
189,189,手机用户2505339765,30,0,//@林儿不发财天理难容: #中国一点都不能少#//@胡歌:“有国才有家” 一点不少！ 寸土不让！,2016-07-18 16:55
190,190,手机用户2395317803,30,0,//@林儿不发财天理难容: #中国一点都不能少#//@胡歌:“有国才有家” 一点不少！ 寸土不让！,2016-07-18 16:55
191,191,不爱学习的热水瓶20110,30,0,//@林儿不发财天理难容: #中国一点都不能少#//@胡歌:“有国才有家” 一点不少！ 寸土不让！,2016-07-18 16:55
192,192,QQ壁咚SQ,31,0,#南海是中国的#??//@日宣小组SongQian:#中国一点都不能少#这才是中国，一点都不能少。??//@宋茜:这才是中国，一点都不能少。,2016-07-12 19:43
193,193,根正苗红的香菜,31,0,#中国一点都不能少##南海是中国的#//@日宣小组SongQian:#中国一点都不能少#这才是中国，一点都不能少。??//@宋茜:这才是中国，一点都不能少。,2016-07-12 17:42
194,194,Dearsnow0202,31,0,#南海是中国的#。//@日宣小组SongQian:#中国一点都不能少#这才是中国，一点都不能少。??//@宋茜:这才是中国，一点都不能少。,2016-07-12 17:29
195,195,Im_stilllovingyou,31,0,//@日宣小组SongQian:#中国一点都不能少#这才是中国，一点都不能少。??//@宋茜:这才是中国，一点都不能少。,2016-07-13 17:51
196,196,HappyDay-小乐天,31,0,一点都不能少。 //@日宣小组SongQian:#中国一点都不能少#这才是中国，一点都不能少。??//@宋茜:这才是中国，一点都不能少。,2016-07-12 18:11
197,197,我有一个梨丶,31,0, //@日宣小组SongQian:#中国一点都不能少#这才是中国，一点都不能少。??//@宋茜:这才是中国，一点都不能少。,2016-07-14 22:00
198,198,Song_Y_Qian,31,0,#中国一点都不能少# #南海是中国的# 一点都不能少！！ //@日宣小组SongQian:#中国一点都不能少#这才是中国，一点都不能少。??//@宋茜:这才是中国，一点都不能少。,2016-07-12 17:28
199,199,一枚硬币的音符,31,0,#中国一点都不能少#//@日宣小组SongQian:#中国一点都不能少#这才是中国，一点都不能少。??//@宋茜:这才是中国，一点都不能少。,2016-07-12 17:40
200,200,麦田里的雾,31,0,//@日宣小组SongQian: #中国一点都不能少#这才是中国，一点都不能少。??//@宋茜:这才是中国，一点都不能少。,2016-07-15 16:05
201,201,宋茜会发光呐,31,0,#中国一点都不能少#//@日宣小组SongQian:#中国一点都不能少#这才是中国，一点都不能少。??//@宋茜:这才是中国，一点都不能少。,2016-07-12 18:38
202,202,要陪boss宇宙旅行的瓶子,32,0,#中国一点都不能少#  //@宋茜吧_VictoriaBar:中国一点都不能少，该是我们的，寸土必保！//@宋茜: 这才是中国，一点都不能少。,2016-07-12 17:49
203,203,白板宋小茜,32,0, //@宋茜吧_VictoriaBar:中国一点都不能少，该是我们的，寸土必保！//@宋茜: 这才是中国，一点都不能少。,2016-07-12 18:07
204,204,870202-兔子,32,0,//@宋茜吧_VictoriaBar:中国一点都不能少，该是我们的，寸土必保！//@宋茜: 这才是中国，一点都不能少。,2016-07-13 12:16
205,205,我是茜宝的小白脸,32,0,//@宋茜吧_VictoriaBar:中国一点都不能少，该是我们的，寸土必保！//@宋茜: 这才是中国，一点都不能少。,2016-07-16 02:41
206,206,MeU_她是V_J是她,32,0,#中国一点都不能少#//@宋茜吧_VictoriaBar:中国一点都不能少，该是我们的，寸土必保！//@宋茜: 这才是中国，一点都不能少。,2016-07-12 18:44
207,207,宋氏木青寞,32,0,#宋茜##宋茜幻城#//@宋茜吧_VictoriaBar:中国一点都不能少，该是我们的，寸土必保！//@宋茜: 这才是中国，一点都不能少。,2016-07-15 22:06
208,208,查森二十二,32,0,//@宋茜吧_VictoriaBar:中国一点都不能少，该是我们的，寸土必保！//@宋茜: 这才是中国，一点都不能少。,2016-07-12 17:36
209,209,复杂的是人心ii,32,0,//@宋茜吧_VictoriaBar:中国一点都不能少，该是我们的，寸土必保！//@宋茜: 这才是中国，一点都不能少。,2016-07-18 12:34
210,210,复杂的是人心ii,32,0,//@宋茜吧_VictoriaBar:中国一点都不能少，该是我们的，寸土必保！//@宋茜: 这才是中国，一点都不能少。,2016-07-18 12:28
211,211,xxxx0202,32,0,//@宋茜吧_VictoriaBar:中国一点都不能少，该是我们的，寸土必保！//@宋茜: 这才是中国，一点都不能少。,2016-07-18 11:23
212,212,870202-兔子,33,0,中国一点都不能少//@宋茜工作室: 这才是中国，一点都不能少 //@宋茜:这才是中国，一点都不能少。,2016-07-14 09:03
213,213,WithQian宋茜陪伴站,33,0,#中国一点都不能少# 中国，一点都不能少，寸土必争。 //@宋茜工作室:这才是中国，一点都不能少 //@宋茜:这才是中国，一点都不能少。,2016-07-12 18:13
214,214,唯茜后花园Bra,33,0,“明年高考的盆友赶快去了解一下菲律宾，搞不好明年就成为中国最南边城市了。”//@宋茜工作室:这才是中国，一点都不能少 //@宋茜:这才是中国，一点都不能少。,2016-07-12 18:09
215,215,日宣小组SongQian,33,0,再强调一次，现在要做的,2016-07-12 22:41
216,216,One-and-Only宋茜唯一站,33,0,#中国一点都不能少# 寸土不让，皮下有预感，这将是美国在东亚海上霸权衰落的转折点 //@宋茜工作室:这才是中国，一点都不能少 //@宋茜:这才是中国，一点都不能少。,2016-07-12 18:21
217,217,谱啊谱,33,0,来轮！ //@宋茜工作室:这才是中国，一点都不能少 //@宋茜:这才是中国，一点都不能少。,2016-07-12 18:16
218,218,爱你的六年,33,0,#中国一点都不能少# 继续，海外无法帮忙，国内好好干活//@宋茜工作室: 这才是中国，一点都不能少 //@宋茜:这才是中国，一点都不能少。,2016-07-13 17:48
219,219,HappyDay-小乐天,33,0,一点都不能少。 //@宋茜工作室:这才是中国，一点都不能少 //@宋茜:这才是中国，一点都不能少。,2016-07-12 18:10
220,220,阿宋的香菜唯,33,0,//@阿宋的香菜唯:顶//@宋茜工作室:这才是中国，一点都不能少 //@宋茜:这才是中国，一点都不能少。,2016-07-12 18:24
221,221,复杂的是人心ii,33,0,//@宋茜工作室:这才是中国，一点都不能少 //@宋茜:这才是中国，一点都不能少。,2016-07-18 12:34
222,222,香菜宝宝yuer,34,0,//@送阳光V: #中国一点都不能少#//@宋茜:这才是中国，一点都不能少。,2016-07-18 01:47
223,223,0202阳光宋绿,34,0,ff//@送阳光V:#中国一点都不能少#//@宋茜:这才是中国，一点都不能少。,2016-07-17 21:46
224,224,0202宋茜青,34,0,jh//@送阳光V:#中国一点都不能少#//@宋茜:这才是中国，一点都不能少。,2016-07-17 21:42
225,225,0202宋茜青,34,0,yg//@送阳光V:#中国一点都不能少#//@宋茜:这才是中国，一点都不能少。,2016-07-17 21:42
226,226,梨落梨落蓝,34,0,jh//@送阳光V:#中国一点都不能少#//@宋茜:这才是中国，一点都不能少。,2016-07-17 21:37
227,227,梨落梨落蓝,34,0,qw//@送阳光V:#中国一点都不能少#//@宋茜:这才是中国，一点都不能少。,2016-07-17 21:37
228,228,宋茜梨落梨落宋茜红,34,0,juh//@送阳光V:#中国一点都不能少#//@宋茜:这才是中国，一点都不能少。,2016-07-17 21:32
229,229,宋茜梨落梨落宋茜红,34,0,uj//@送阳光V:#中国一点都不能少#//@宋茜:这才是中国，一点都不能少。,2016-07-17 21:32
230,230,0202阳光宋绿,34,0,//@送阳光V:#中国一点都不能少#//@宋茜:这才是中国，一点都不能少。,2016-07-17 20:17
231,231,0202阳光宋绿,34,0,ksij//@送阳光V:#中国一点都不能少#//@宋茜:这才是中国，一点都不能少。,2016-07-17 20:17
232,232,小妮子名字还没想好,35,0,//@我是一根小香菜0202://@浅水小鱼2222:#中国一点都不能少#//@宋茜:这才是中国，一点都不能少。,2016-07-17 18:41
233,233,我是一根小香菜0202,35,0,//@浅水小鱼2222:#中国一点都不能少#//@宋茜:这才是中国，一点都不能少。,2016-07-17 18:30
234,234,sudjdn,35,0,2250@宋茜 ?#宋茜# #宋茜幻城# #宋茜梨落#??//@浅水小鱼2222:#中国一点都不能少#//@宋茜:这才是中国，一点都不能少。,2016-07-17 17:53
235,235,sudjdn,35,0,2249 //@浅水小鱼2222:#中国一点都不能少#//@宋茜:这才是中国，一点都不能少。,2016-07-17 17:52
236,236,sudjdn,35,0,2248#宋茜# #宋茜幻城# #宋茜梨落#??//@浅水小鱼2222:#中国一点都不能少#//@宋茜:这才是中国，一点都不能少。,2016-07-17 17:52
237,237,sudjdn,35,0,2247 //@浅水小鱼2222:#中国一点都不能少#//@宋茜:这才是中国，一点都不能少。,2016-07-17 17:52
238,238,sudjdn,35,0,2246 //@浅水小鱼2222:#中国一点都不能少#//@宋茜:这才是中国，一点都不能少。,2016-07-17 17:52
239,239,sudjdn,35,0,2245#宋茜# #宋茜幻城# #宋茜梨落#??么么么 //@浅水小鱼2222:#中国一点都不能少#//@宋茜:这才是中国，一点都不能少。,2016-07-17 17:52
240,240,BeLinda学数学,35,0,//@浅水小鱼2222:#中国一点都不能少#//@宋茜:这才是中国，一点都不能少。,2016-07-16 12:58
241,241,浅水小鱼22,35,0,//@浅水小鱼2222: #中国一点都不能少#//@宋茜:这才是中国，一点都不能少。,2016-07-16 12:28
242,242,sudjdn,36,0,整数小天使上线 //@我有一个梨丶:这才是中国，一点都不能少。 //@宋茜:这才是中国，一点都不能少。,2016-07-17 17:51
243,243,sudjdn,36,0,59 梨落#宋茜# #宋茜幻城# #宋茜梨落#??//@我有一个梨丶:这才是中国，一点都不能少。 //@宋茜:这才是中国，一点都不能少。,2016-07-17 17:51
244,244,sudjdn,36,0,58 星星泪 //@我有一个梨丶:这才是中国，一点都不能少。 //@宋茜:这才是中国，一点都不能少。,2016-07-17 17:51
245,245,sudjdn,36,0, //@我有一个梨丶:这才是中国，一点都不能少。 //@宋茜:这才是中国，一点都不能少。,2016-07-17 17:51
246,246,BeLinda学数学,36,0,//@我有一个梨丶:这才是中国，一点都不能少。 //@宋茜:这才是中国，一点都不能少。,2016-07-16 12:58
247,247,茜在我心木青寞,36,0,//@心海梨落木青寞://@小妮子名字还没想好://@我有一个梨丶:这才是中国，一点都不能少。 //@宋茜:这才是中国，一点都不能少。,2016-07-14 13:43
248,248,心海梨落木青寞,36,0,//@小妮子名字还没想好://@我有一个梨丶:这才是中国，一点都不能少。 //@宋茜:这才是中国，一点都不能少。,2016-07-14 09:45
249,249,爱你知是谁,36,0,6 //@我有一个梨丶:这才是中国，一点都不能少。 //@宋茜:这才是中国，一点都不能少。,2016-07-14 09:22
250,250,小妮子名字还没想好,36,0,//@我有一个梨丶:这才是中国，一点都不能少。 //@宋茜:这才是中国，一点都不能少。,2016-07-14 09:16
251,251,爱你知是谁,36,0, //@我有一个梨丶:这才是中国，一点都不能少。 //@宋茜:这才是中国，一点都不能少。,2016-07-14 05:58
252,252,西西vvvic,37,0,#中国姑娘宋茜# #中国一点都不能少#??//@朝宋Storia://@宋茜:这才是中国，一点都不能少。,2016-07-13 21:10
253,253,o_逗包_o,37,0,//@朝宋Storia://@宋茜:这才是中国，一点都不能少。,2016-07-12 21:47
254,254,870202-兔子,37,0,//@朝宋Storia://@宋茜:这才是中国，一点都不能少。,2016-07-13 02:02
255,255,孟薏萱宋茜,37,0,//@朝宋Storia://@宋茜:这才是中国，一点都不能少。,2016-07-12 21:34
256,256,复杂的是人心ii,37,0,//@朝宋Storia://@宋茜:这才是中国，一点都不能少。,2016-07-18 12:34
257,257,xxxx0202,37,0,//@朝宋Storia://@宋茜:这才是中国，一点都不能少。,2016-07-18 11:23
258,258,Eniverezvous,37,0,//@朝宋Storia://@宋茜:这才是中国，一点都不能少。,2016-07-18 10:55
259,259,kasa2_2ka,37,0,//@朝宋Storia://@宋茜:这才是中国，一点都不能少。,2016-07-17 22:43
260,260,小妮子名字还没想好,37,0,//@我是一根小香菜0202://@朝宋Storia://@宋茜:这才是中国，一点都不能少。,2016-07-17 18:41
261,261,我是一根小香菜0202,37,0,//@朝宋Storia://@宋茜:这才是中国，一点都不能少。,2016-07-17 18:31
262,262,英俊的落落94,38,0,//@欧丽琼94: “不是中国的，一份不要；该是我们的，寸土必保！”#中国一点都不能少#//@宋茜: 这才是中国，一点都不能少。,2016-07-18 14:45
263,263,英俊的落落94,38,0,//@欧丽琼94: “不是中国的，一份不要；该是我们的，寸土必保！”#中国一点都不能少#//@宋茜: 这才是中国，一点都不能少。,2016-07-18 14:30
264,264,英俊的落落94,38,0,//@欧丽琼94: “不是中国的，一份不要；该是我们的，寸土必保！”#中国一点都不能少#//@宋茜: 这才是中国，一点都不能少。,2016-07-18 14:15
265,265,英俊的落落94,38,0,//@欧丽琼94: “不是中国的，一份不要；该是我们的，寸土必保！”#中国一点都不能少#//@宋茜: 这才是中国，一点都不能少。,2016-07-18 14:00
266,266,英俊的落落94,38,0,//@欧丽琼94: “不是中国的，一份不要；该是我们的，寸土必保！”#中国一点都不能少#//@宋茜: 这才是中国，一点都不能少。,2016-07-18 13:45
267,267,英俊的落落94,38,0,//@欧丽琼94: “不是中国的，一份不要；该是我们的，寸土必保！”#中国一点都不能少#//@宋茜: 这才是中国，一点都不能少。,2016-07-18 13:30
268,268,英俊的落落94,38,0,//@欧丽琼94: “不是中国的，一份不要；该是我们的，寸土必保！”#中国一点都不能少#//@宋茜: 这才是中国，一点都不能少。,2016-07-18 13:15
269,269,英俊的落落94,38,0,//@欧丽琼94: “不是中国的，一份不要；该是我们的，寸土必保！”#中国一点都不能少#//@宋茜: 这才是中国，一点都不能少。,2016-07-18 13:00
270,270,英俊的落落94,38,0,//@欧丽琼94: “不是中国的，一份不要；该是我们的，寸土必保！”#中国一点都不能少#//@宋茜: 这才是中国，一点都不能少。,2016-07-18 12:45
271,271,英俊的落落94,38,0,//@欧丽琼94: “不是中国的，一份不要；该是我们的，寸土必保！”#中国一点都不能少#//@宋茜: 这才是中国，一点都不能少。,2016-07-18 12:30
272,272,范例欢畅激,39,0,P //@宋小王子coriander:一点都不能少 //@宋茜:这才是中国，一点都不能少。,2016-07-17 19:24
273,273,范例欢畅激,39,0,U //@宋小王子coriander:一点都不能少 //@宋茜:这才是中国，一点都不能少。,2016-07-17 19:24
274,274,范例欢畅激,39,0,Y //@宋小王子coriander:一点都不能少 //@宋茜:这才是中国，一点都不能少。,2016-07-17 19:24
275,275,范例欢畅激,39,0,T //@宋小王子coriander:一点都不能少 //@宋茜:这才是中国，一点都不能少。,2016-07-17 19:23
276,276,范例欢畅激,39,0,R //@宋小王子coriander:一点都不能少 //@宋茜:这才是中国，一点都不能少。,2016-07-17 19:23
277,277,范例欢畅激,39,0,E //@宋小王子coriander:一点都不能少 //@宋茜:这才是中国，一点都不能少。,2016-07-17 19:23
278,278,范例欢畅激,39,0,W //@宋小王子coriander:一点都不能少 //@宋茜:这才是中国，一点都不能少。,2016-07-17 19:23
279,279,范例欢畅激,39,0,Q //@宋小王子coriander:一点都不能少 //@宋茜:这才是中国，一点都不能少。,2016-07-17 19:23
280,280,栾么寿亦洒,39,0,p//@宋小王子coriander:一点都不能少 //@宋茜:这才是中国，一点都不能少。,2016-07-17 09:02
281,281,栾么寿亦洒,39,0,i//@宋小王子coriander:一点都不能少 //@宋茜:这才是中国，一点都不能少。,2016-07-17 09:02
282,282,小妮子名字还没想好,40,0,//@我是一根小香菜0202://@狮心蜂香菜君:我是中国人，来生还做种花人//@宋茜:这才是中国，一点都不能少。,2016-07-17 18:42
283,283,我是一根小香菜0202,40,0,//@狮心蜂香菜君:我是中国人，来生还做种花人//@宋茜:这才是中国，一点都不能少。,2016-07-17 18:31
284,284,段俱迹段,40,0,宋茜！！！！//@狮心蜂香菜君:我是中国人，来生还做种花人//@宋茜:这才是中国，一点都不能少。,2016-07-15 19:57
285,285,段俱迹段,40,0,宋茜么么哒//@狮心蜂香菜君:我是中国人，来生还做种花人//@宋茜:这才是中国，一点都不能少。,2016-07-15 19:57
286,286,段俱迹段,40,0,啦啦啦啦//@狮心蜂香菜君:我是中国人，来生还做种花人//@宋茜:这才是中国，一点都不能少。,2016-07-15 19:57
287,287,段俱迹段,40,0,对对对//@狮心蜂香菜君:我是中国人，来生还做种花人//@宋茜:这才是中国，一点都不能少。,2016-07-15 19:57
288,288,段俱迹段,40,0,对//@狮心蜂香菜君:我是中国人，来生还做种花人//@宋茜:这才是中国，一点都不能少。,2016-07-15 19:57
289,289,段俱迹段,40,0,爱宋茜//@狮心蜂香菜君:我是中国人，来生还做种花人//@宋茜:这才是中国，一点都不能少。,2016-07-15 19:56
290,290,段俱迹段,40,0,宋茜//@狮心蜂香菜君:我是中国人，来生还做种花人//@宋茜:这才是中国，一点都不能少。,2016-07-15 19:55
291,291,宋茜的迷妹,40,0, //@狮心蜂香菜君:我是中国人，来生还做种花人//@宋茜:这才是中国，一点都不能少。,2016-07-15 13:59
292,292,王俊凯的大长腿,41,0,//@严屹宽:共同守护，一点也不能少//@范冰冰:这才是中国，一点都不能少。,2016-07-12 18:53
293,293,全民gossip,41,0,//@严屹宽:共同守护，一点也不能少//@范冰冰:这才是中国，一点都不能少。,2016-07-18 08:06
294,294,蜜蜂爱甜品,41,0,#中国一点都不能少#??//@严屹宽:共同守护，一点也不能少//@范冰冰:这才是中国，一点都不能少。,2016-07-16 18:54
295,295,努力从来不是为了感动自己,41,0,//@严屹宽:共同守护，一点也不能少//@范冰冰:这才是中国，一点都不能少。,2016-07-15 18:41
296,296,喜杨杨一小明,41,0,//@严屹宽:共同守护，一点也不能少//@范冰冰:这才是中国，一点都不能少。,2016-07-15 08:49
297,297,用户5586048280,41,0,//@严屹宽: Paracels and Spratlys belong to Vietnam . I-m really disappointed in you . Vietnamese fans are turned most to you .,2016-07-15 04:10
298,298,xiaoshui85,41,0,//@严屹宽:共同守护，一点也不能少//@范冰冰:这才是中国，一点都不能少。,2016-07-14 21:21
299,299,L平步青云H,41,0,共同守护，一点也不能少,2016-07-14 19:11
300,300,大同市广昌,41,0,//@严屹宽:共同守护，一点也不能少//@范冰冰:这才是中国，一点都不能少。,2016-07-14 17:43
301,301,施瓦辛格_云出岫,41,0,//@严屹宽:共同守护，一点也不能少//@范冰冰:这才是中国，一点都不能少。,2016-07-14 15:58
302,302,L-----寜,42,0,//@范冰冰工作室: 一点都不能少 //@范冰冰:这才是中国，一点都不能少。,2016-07-15 12:46
303,303,-潘海瑶-,42,0,#中国一点都不能少#这才是真正的中国!,2016-07-15 12:22
304,304,几百年出一个_范美人,42,0,一点都不能少 //@范冰冰工作室:一点都不能少 //@范冰冰:这才是中国，一点都不能少。,2016-07-15 09:43
305,305,末低吟爱恋,42,0,//@范冰冰工作室:一点都不能少 //@范冰冰:这才是中国，一点都不能少。,2016-07-14 10:03
306,306,水晶鞋ni,42,0,一点都不能少。,2016-07-13 23:39
307,307,Andrea-YHC,42,0,一点都不能少,2016-07-13 23:18
308,308,Ran幂,42,0, //@范冰冰工作室:一点都不能少 //@范冰冰:这才是中国，一点都不能少。,2016-07-13 19:31
309,309,饭锅-,42,0,//@晨星繁漫冰韵然: 这很中国！ //@范冰冰工作室:一点都不能少 //@范冰冰:这才是中国，一点都不能少。,2016-07-13 18:50
310,310,瞪瞪猫,42,0,//@范冰冰工作室:一点都不能少 //@范冰冰:这才是中国，一点都不能少。,2016-07-13 18:31
311,311,kimi-厘米,42,0,//@范冰冰工作室:一点都不能少 //@范冰冰:这才是中国，一点都不能少。,2016-07-13 12:56
312,312,MengYa520,43,0,中国的领土一点都不能少//@挑战者联盟:#挑战者联盟#一点都不能少//@范冰冰: 这才是中国，一点都不能少。,2016-07-14 09:49
313,313,Love爱_鹿,43,0,中国不能少一分//@挑战者联盟:#挑战者联盟#一点都不能少//@范冰冰: 这才是中国，一点都不能少。,2016-07-14 01:53
314,314,Boger_sun,43,0,一点都不能少。,2016-07-13 18:32
315,315,猪猪最可爱的小窝,43,0,//@挑战者联盟:#挑战者联盟#一点都不能少//@范冰冰: 这才是中国，一点都不能少。,2016-07-13 16:33
316,316,崇拜你75159,43,0,这才是中国，一点都不能少。 ,2016-07-13 08:31
317,317,Cold-blooded86586,43,0,//@挑战者联盟:#挑战者联盟#一点都不能少//@范冰冰: 这才是中国，一点都不能少。,2016-07-13 05:51
318,318,zhhLinda,43,0,//@挑战者联盟:#挑战者联盟#一点都不能少//@范冰冰: 这才是中国，一点都不能少。,2016-07-13 00:21
319,319,马艳zzhhaa2000,43,0,//@挑战者联盟:#挑战者联盟#一点都不能少//@范冰冰: 这才是中国，一点都不能少。,2016-07-13 00:19
320,320,梦要自己扛_,43,0,//@挑战者联盟:#挑战者联盟#一点都不能少//@范冰冰: 这才是中国，一点都不能少。,2016-07-13 00:00
321,321,cao允ing,43,0,: 这才是中国，一点都不能少。,2016-07-12 23:12
322,322,冰棒邦邦,44,0,//@范冰冰粉丝团:一点不能少//@范冰冰:这才是中国，一点都不能少。,2016-07-14 19:41
323,323,起笔划划,44,0,//@范冰冰粉丝团: 一点不能少//@范冰冰:这才是中国，一点都不能少。,2016-07-13 09:27
324,324,玫瑰花粉色想念,44,0,//@范冰冰粉丝团:一点不能少//@范冰冰:这才是中国，一点都不能少。,2016-07-13 07:51
325,325,Miss_KrstaL,44,0,@范冰冰:这才是中国，一点都不能少。,2016-07-12 23:07
326,326,从前啊_有一只萱小宝,44,0,晚安//@范皇正宫:晚安，姑娘和中国//@范冰冰粉丝团: 一点不能少//@范冰冰:这才是中国，一点都不能少。,2016-07-12 22:55
327,327,用户5507735331,44,0,我国领土，犯者必争//@范冰冰粉丝团:一点不能少//@范冰冰:这才是中国，一点都不能少。,2016-07-12 22:53
328,328,范皇正宫,44,0,晚安，姑娘和中国//@范冰冰粉丝团: 一点不能少//@范冰冰:这才是中国，一点都不能少。,2016-07-12 22:52
329,329,谢雨欣小伙子,44,0,一点都不//@范冰冰粉丝团:一点不能少//@范冰冰:这才是中国，一点都不能少。,2016-07-12 22:34
330,330,Souffle-兎小C,44,0,一点不能少这才是中国，一点都不能少。,2016-07-12 21:07
331,331,Devil12GOOD,44,0,//@范冰冰粉丝团:一点不能少//@范冰冰:这才是中国，一点都不能少。,2016-07-12 21:00
332,332,停在这一秒钟,45,0,//@萌大雨YUYU: //@范冰冰:这才是中国，一点都不能少。,2016-07-14 20:11
333,333,Wa麦芽妹,45,0,//@萌大雨YUYU: //@范冰冰:这才是中国，一点都不能少。,2016-07-13 23:00
334,334,谁说我不是大美女,45,0,//@萌大雨YUYU: //@范冰冰:这才是中国，一点都不能少。,2016-07-13 21:20
335,335,竹染梦殇,45,0,//@萌大雨YUYU: //@范冰冰:这才是中国，一点都不能少。,2016-07-13 21:05
336,336,晗笑半步颠--------,45,0,这才是中国，一点都不能少！,2016-07-13 19:58
337,337,拉姆同学,45,0,//@萌大雨YUYU: //@范冰冰:这才是中国，一点都不能少。,2016-07-13 19:54
338,338,YiXingOhMy,45,0, //@萌大雨YUYU: //@范冰冰:这才是中国，一点都不能少。,2016-07-13 17:58
339,339,FireGirl火火,45,0,转发微博,2016-07-13 15:18
340,340,Star--Starless,45,0,一点都不能少。,2016-07-13 14:35
341,341,strawberry牛奶的艺兴,45,0,//@范冰冰:这才是中国，一点都不能少。,2016-07-13 13:54
342,342,小渔儿608_9rc,46,0,不能少一点。//@冰冰晨报官博:#南海是中国的# 决不让步 //@范冰冰:这才是中国，一点都不能少。,2016-07-16 06:33
343,343,范小晨_,46,0,决不让步！！！ //@冰冰晨报官博:#南海是中国的# 决不让步 //@范冰冰:这才是中国，一点都不能少。,2016-07-13 12:34
344,344,孙丽萍s,46,0,//@冰冰晨报官博:#南海是中国的# 决不让步 //@范冰冰:这才是中国，一点都不能少。,2016-07-12 21:46
345,345,Dd-ZHL,46,0,//@冰冰晨报官博:#南海是中国的# 决不让步 //@范冰冰:这才是中国，一点都不能少。,2016-07-12 19:46
346,346,败犬女王一二,46,0,//@冰冰晨报官博:#南海是中国的# 决不让步 //@范冰冰:这才是中国，一点都不能少。,2016-07-12 19:37
347,347,碎S影,46,0,//@冰冰晨报官博:#南海是中国的# 决不让步 //@范冰冰:这才是中国，一点都不能少。,2016-07-12 19:25
348,348,海浪菜菜miss,46,0,//@冰冰晨报官博:#南海是中国的# 决不让步 //@范冰冰:这才是中国，一点都不能少。,2016-07-12 19:22
349,349,cailing925,46,0,这才是中国，一点都不能少。,2016-07-12 18:48
350,350,雨落倾城2004821,46,0,一点都不能少,2016-07-12 18:43
351,351,amortony,46,0,这才是中国，一点都不能少。,2016-07-12 18:31
352,352,走过了人来人往_不喜欢也得欣赏,47,0,//@唯美小甜橙://@任大称:中国一点都不能少- //@范冰冰:这才是中国，一点都不能少。,2016-07-13 09:55
353,353,Bestmiss丶KJ,47,0,//@任大称:中国一点都不能少- //@范冰冰:这才是中国，一点都不能少。,2016-07-12 23:03
354,354,默言200707,47,0,//@任大称:中国一点都不能少- //@范冰冰:这才是中国，一点都不能少。,2016-07-12 21:51
355,355,唯美小甜橙,47,0,//@任大称:中国一点都不能少- //@范冰冰:这才是中国，一点都不能少。,2016-07-12 21:33
356,356,佳闻大大,47,0,不能少 //@任大称:中国一点都不能少- //@范冰冰:这才是中国，一点都不能少。,2016-07-12 20:27
357,357,任性钱2013,47,0,中国一点也不能少，少了我跟谁拼命 //@任大称:中国一点都不能少- ,2016-07-12 20:22
358,358,该gvai-,47,0,转发微博,2016-07-12 20:21
359,359,Time_out老巢,47,0,//@任大称:中国一点都不能少- //@范冰冰:这才是中国，一点都不能少。,2016-07-12 20:15
360,360,美菁穆铃_______________,47,0,中国一点都不能少 //@任大称:中国一点都不能少- //@范冰冰:这才是中国，一点都不能少。,2016-07-12 20:03
361,361,墨墨MOMO酱,47,0, //@任大称:中国一点都不能少- //@范冰冰:这才是中国，一点都不能少。,2016-07-12 19:45
362,362,Lonely--tears,48,0,这才是中国，一点都不能少。,2016-07-16 23:15
363,363,污神啊啊啊,48,0,//@电影绝地逃亡官微://@范冰冰: 这才是中国，一点都不能少。,2016-07-14 15:36
364,364,学生闫旭阳,48,0,//@电影绝地逃亡官微://@范冰冰: 这才是中国，一点都不能少。,2016-07-13 19:26
365,365,六安市东翔羽绒制品有限公司,48,0,//@电影绝地逃亡官微: //@范冰冰: 这才是中国，一点都不能少。,2016-07-13 17:33
366,366,毅然吖,48,0,自古以来，都是中国的领土。,2016-07-13 08:12
367,367,JC_小微summer,48,0,//@电影绝地逃亡官微://@范冰冰: 这才是中国，一点都不能少。,2016-07-13 02:10
368,368,不过如此星人,48,0,//@电影绝地逃亡官微://@范冰冰: 这才是中国，一点都不能少。,2016-07-13 00:11
369,369,电竞凡人丶科比,48,0,//@电影绝地逃亡官微://@范冰冰: 这才是中国，一点都不能少。,2016-07-12 23:51
370,370,曉情緒珍,48,0,//@电影绝地逃亡官微://@范冰冰: 这才是中国，一点都不能少。,2016-07-12 22:05
371,371,大艺子5973246793,48,0,中国领土//@电影绝地逃亡官微://@范冰冰: 这才是中国，一点都不能少。,2016-07-12 21:58
372,372,从此以后an,49,0,一点都不能少 //@范冰冰:这才是中国，一点都不能少。,2016-07-13 12:34
373,373,豹小子2090,49,0,草泥马逼，贱人，想说回家草你家人说去，别在这喷粪//@贵妃_上川菜儿:回复@豹小子2090:尼玛别人都是贱人，就留一个人渣手机后面逼逼叨叨祸害四方？,2016-07-13 00:07
374,374,糖果5433076405,49,0,//@小黄少:一点都不能少 //@范冰冰:这才是中国，一点都不能少。,2016-07-12 21:17
375,375,再创起点,49,0,一点都不能少,2016-07-12 19:40
376,376,龍九小齡童,49,0,一点都不能少 /这才是中国，一点都不能少。,2016-07-12 19:36
377,377,取个不会被绑架的名字,49,0,//@小黄少:一点都不能少 //@范冰冰:这才是中国，一点都不能少。,2016-07-12 18:19
378,378,Myricarubra不是果子,49,0,一点都不能少//@小黄少:一点都不能少 //@范冰冰:这才是中国，一点都不能少。,2016-07-12 18:17
379,379,曼珊也很忙,49,0,//@雨果网:一点都不能少,2016-07-12 18:11
380,380,磨料磨具蒋,49,0,//@雨果网: 一点都不能少,2016-07-12 18:09
381,381,快乐的李珉灿,49,0,//@小黄少:一点都不能少 //@范冰冰:这才是中国，一点都不能少。,2016-07-12 18:07
382,382,愤怒的小花猫二世,50,0, //@板刷在篱笆的马甲:好！//@朱德泉: //@范冰冰:这才是中国，一点都不能少。,2016-07-16 21:21
383,383,板刷在篱笆的马甲,50,0,好！//@朱德泉: //@范冰冰:这才是中国，一点都不能少。,2016-07-16 21:11
384,384,歌乐奇缘,50,0,//@摩罗空间:转发微博,2016-07-14 12:39
385,385,福绿里居士,50,0,//@摩罗空间: 转发微博,2016-07-13 07:04
386,386,sun_ad365_056adf,50,0,//@摩罗空间:转发微博,2016-07-13 00:11
387,387,求助者马蜀蓉,50,0,这才是中国，一点都不能少//@朱德泉:  //@范冰冰:这才是中国，一点都不能少。,2016-07-13 00:07
388,388,鹰眼看世界13,50,0,//@摩罗空间:转发微博,2016-07-12 23:54
389,389,用户xevidbbpeb,50,0,//@摩罗空间:转发微博,2016-07-12 22:25
390,390,南洋修士,50,0,菲佣越猴，反受美夷倭寇唆使，对峙天朝，抗拒圣化。占吾岛礁，掳吾渔民。圣人在世亦不可忍！今我水师集结，云帆蔽空。艨艟巨舰，破浪前行。王师一到，玉石俱焚！《人民日报》已刊文,2016-07-12 22:24
391,391,枫林夕照001,50,0,//@摩罗空间: 转发微博,2016-07-12 22:18
392,392,不备酒歌,51,0, //@黄景瑜工作室2016: //@Johnny黄景瑜:,2016-07-12 20:38
393,393,景瑜Su,51,0, //@黄景瑜工作室2016: //@Johnny黄景瑜:,2016-07-12 23:00
394,394,黄景瑜数据博,51,0, //@黄景瑜工作室2016: //@Johnny黄景瑜:,2016-07-12 20:19
395,395,XING瑜你同行,51,0, //@黄景瑜工作室2016: //@Johnny黄景瑜:,2016-07-12 21:43
396,396,景随瑜心姐妹团,51,0,//@黄景瑜工作室2016: //@Johnny黄景瑜:,2016-07-12 20:38
397,397,进击吧美少女战士,51,0,//@黄景瑜工作室2016: //@Johnny黄景瑜:,2016-07-12 20:56
398,398,我是九岁的PBEibi,51,0, //@黄景瑜工作室2016: //@Johnny黄景瑜:,2016-07-12 20:45
399,399,eVilHeart_黄景瑜个站,51,0, //@黄景瑜工作室2016: //@Johnny黄景瑜:,2016-07-12 20:24
400,400,瑜你相伴陪你前行,51,0,//@黄景瑜工作室2016: //@Johnny黄景瑜:,2016-07-12 20:47
401,401,-白不白告不告,51,0,//@黄景瑜工作室2016: //@Johnny黄景瑜:,2016-07-12 20:41
402,402,男神神经兮兮吼,53,0, //@黄景瑜打投净化站: //@Johnny黄景瑜:,2016-07-12 20:36
403,403,拉郎配你咬我啊,53,0, //@黄景瑜打投净化站: //@Johnny黄景瑜:,2016-07-12 23:41
404,404,乐君白,53,0,//@黄景瑜打投净化站: //@Johnny黄景瑜:,2016-07-12 20:40
405,405,黄景瑜打投净化站-念瑜,53,0, //@黄景瑜打投净化站: //@Johnny黄景瑜:,2016-07-16 16:28
406,406,黄景瑜Wzz,53,0, //@黄景瑜打投净化站: //@Johnny黄景瑜:,2016-07-12 20:42
407,407,线上-Liketi,53,0,,2016-07-12 21:34
408,408,黄景瑜打投净化站-何子,53,0, //@黄景瑜打投净化站: //@Johnny黄景瑜:,2016-07-14 00:57
409,409,暖日央,53,0,//@黄景瑜打投净化站: //@Johnny黄景瑜:,2016-07-17 09:00
410,410,正版黄景瑜,53,0,usu//@黄景瑜Wzz: //@黄景瑜打投净化站: //@Johnny黄景瑜:,2016-07-17 00:00
411,411,正版黄景瑜,53,0,usu//@黄景瑜Wzz: //@黄景瑜打投净化站: //@Johnny黄景瑜:,2016-07-17 00:00
412,412,我想跟黄景瑜谈恋爱,55,0,//@我才不喜欢黄景瑜呢:#中国一点都不能少# 一点都不能少！  //@Johnny黄景瑜:,2016-07-15 06:02
413,413,我想跟黄景瑜谈恋爱,55,0,//@我才不喜欢黄景瑜呢:#中国一点都不能少# 一点都不能少！  //@Johnny黄景瑜:,2016-07-18 17:30
414,414,我想跟黄景瑜谈恋爱,55,0,//@我才不喜欢黄景瑜呢:#中国一点都不能少# 一点都不能少！  //@Johnny黄景瑜:,2016-07-18 12:20
415,415,我想跟黄景瑜谈恋爱,55,0,//@我才不喜欢黄景瑜呢:#中国一点都不能少# 一点都不能少！  //@Johnny黄景瑜:,2016-07-18 12:19
416,416,我想跟黄景瑜谈恋爱,55,0,//@我才不喜欢黄景瑜呢:#中国一点都不能少# 一点都不能少！  //@Johnny黄景瑜:,2016-07-17 00:18
417,417,我想跟黄景瑜谈恋爱,55,0,//@我才不喜欢黄景瑜呢:#中国一点都不能少# 一点都不能少！  //@Johnny黄景瑜:,2016-07-16 21:18
418,418,我想跟黄景瑜谈恋爱,55,0,//@我才不喜欢黄景瑜呢:#中国一点都不能少# 一点都不能少！  //@Johnny黄景瑜:,2016-07-16 21:18
419,419,我想跟黄景瑜谈恋爱,55,0,//@我才不喜欢黄景瑜呢:#中国一点都不能少# 一点都不能少！  //@Johnny黄景瑜:,2016-07-16 21:18
420,420,我想跟黄景瑜谈恋爱,55,0,//@我才不喜欢黄景瑜呢:#中国一点都不能少# 一点都不能少！  //@Johnny黄景瑜:,2016-07-16 21:18
421,421,我想跟黄景瑜谈恋爱,55,0,//@我才不喜欢黄景瑜呢:#中国一点都不能少# 一点都不能少！  //@Johnny黄景瑜:,2016-07-16 21:18
422,422,不备酒歌,56,0,来吧干活！//@不备酒歌:#黄景瑜# 爱国少年从来都是正能量满满@Johnny黄景瑜 //@Johnny黄景瑜:,2016-07-14 12:08
423,423,空空的天空空,56,0,"我想找个海边城市定居，当然这个地方得在国内"//@不备酒歌-帅:#黄景瑜# 爱国少年从来都是正能量满满@Johnny黄景瑜 //@Johnny黄景瑜:,2016-07-12 21:45
424,424,你是木头1986,56,0,正能量偶像//@不备酒歌-帅:#黄景瑜# 爱国少年从来都是正能量满满@Johnny黄景瑜 //@Johnny黄景瑜:,2016-07-12 21:47
425,425,gigi-瑜,56,0, //@不备酒歌-帅:#黄景瑜# 爱国少年从来都是正能量满满@Johnny黄景瑜 //@Johnny黄景瑜:,2016-07-13 08:59
426,426,liebe_ay,56,0,继续抡??上热转前排 //@不备酒歌-帅:大家辛苦一下，把他抡上前排//@不备酒歌-帅:继续抡！！！//@不备酒歌-帅:#黄景瑜# 爱国少年从来都是正能量满满@Johnny黄景瑜 //@Johnny黄景瑜:,2016-07-12 21:10
427,427,瑜你相伴陪你前行,56,0,1//@不备酒歌-帅:#黄景瑜# 爱国少年从来都是正能量满满@Johnny黄景瑜 //@Johnny黄景瑜:,2016-07-12 20:50
428,428,身怀六甲黄太太,56,0,//@一匹女鬼: //@黄景瑜的小Billy://@不备酒歌-帅:#黄景瑜# 爱国少年从来都是正能量满满@Johnny黄景瑜 //@Johnny黄景瑜:,2016-07-12 21:02
429,429,黄景瑜的小Billy,56,0,//@不备酒歌-帅:#黄景瑜# 爱国少年从来都是正能量满满@Johnny黄景瑜 //@Johnny黄景瑜:,2016-07-12 20:56
430,430,zuan门被黄鲸鱼sa子讹的DD,56,0, //@不备酒歌-帅:#黄景瑜# 爱国少年从来都是正能量满满@Johnny黄景瑜 //@Johnny黄景瑜:,2016-07-12 21:29
431,431,聪明人太多fyc,56,0,属于我们的，谁也拿不走//@不备酒歌-帅:#黄景瑜# 爱国少年从来都是正能量满满@Johnny黄景瑜 //@Johnny黄景瑜:,2016-07-12 21:35
432,432,小西喜欢的样子你都有,57,0,这配图给满分 //@Johnny黄景瑜全球粉丝后援会:黄景瑜???查看图片 //@Johnny黄景瑜:,2016-07-12 20:58
433,433,全球海底捞鱼粥后援会,57,0, //@Johnny黄景瑜全球粉丝后援会:黄景瑜???查看图片 //@Johnny黄景瑜:,2016-07-12 20:48
434,434,sguie,57,0, //@碧玺_瑜:活久见，失踪人口、工作室、全球齐齐上线配图满分 //@Johnny黄景瑜全球粉丝后援会:黄景瑜???查看图片 //@Johnny黄景瑜:,2016-07-12 20:52
435,435,碧玺_瑜,57,0,活久见，失踪人口、工作室、全球齐齐上线配图满分 //@Johnny黄景瑜全球粉丝后援会:黄景瑜???查看图片 //@Johnny黄景瑜:,2016-07-12 20:50
436,436,HJYTV_,57,0,配图满分！我的国家我捍卫！//@Johnny黄景瑜全球粉丝后援会:黄景瑜???查看图片 //@Johnny黄景瑜:,2016-07-12 21:37
437,437,冰冰汽水_905,57,0,永远爱自己的祖国//@Johnny黄景瑜全球粉丝后援会:黄景瑜???查看图片 //@Johnny黄景瑜:,2016-07-12 21:10
438,438,黄景瑜Wzz,57,0, //@Johnny黄景瑜全球粉丝后援会:黄景瑜???查看图片 //@Johnny黄景瑜:,2016-07-12 20:51
439,439,身怀六甲黄太太,57,0,#中国一点都不能少#//@Johnny黄景瑜全球粉丝后援会:黄景瑜???查看图片 //@Johnny黄景瑜:,2016-07-12 20:52
440,440,曲大猫BigCat,57,0, //@Johnny黄景瑜全球粉丝后援会:黄景瑜???查看图片 //@Johnny黄景瑜:,2016-07-12 21:29
441,441,尼玛这颗太san的小虎牙有毒,57,0, //@Johnny黄景瑜全球粉丝后援会:黄景瑜???查看图片 //@Johnny黄景瑜:,2016-07-12 20:50
442,442,liebe_ay,58,0,继续抡@Johnny黄景瑜??//@liebe_ay: 我爱中国??中国一点都不能少//@Johnny黄景瑜:,2016-07-15 00:29
443,443,HJY-茜茜,58,0, //@liebe_ay: 我爱中国??中国一点都不能少//@Johnny黄景瑜:,2016-07-16 11:18
444,444,HJY-茜茜,58,0, //@liebe_ay: 我爱中国??中国一点都不能少//@Johnny黄景瑜:,2016-07-16 11:17
445,445,黄景瑜的团团君,59,0,抡 //@黄景瑜的团团君: //@Johnny黄景瑜:,2016-07-12 20:47
446,446,果果楠仔,59,0,我爱五星红旗//@黄景瑜的团团君: //@Johnny黄景瑜:,2016-07-12 20:31
447,447,景瑜Su,59,0, //@黄景瑜的团团君: //@Johnny黄景瑜:,2016-07-12 23:01
448,448,身怀六甲黄太太,59,0,//@鲸鱼的竹林://@黄景瑜的团团君: //@Johnny黄景瑜:,2016-07-12 21:02
449,449,se-ki,59,0,//@黄景瑜的团团君: //@Johnny黄景瑜:,2016-07-12 22:15
450,450,鲸鱼的竹林,59,0,//@黄景瑜的团团君: //@Johnny黄景瑜:,2016-07-12 21:02
451,451,颜好即正义的大帅逼,59,0, //@黄景瑜的团团君: //@Johnny黄景瑜:,2016-07-12 20:59
452,452,Johhny黄景喻,59,0,@Johnny黄景瑜 //@黄景瑜的团团君: //@Johnny黄景瑜:,2016-07-16 13:55
453,453,茉莉jasmine2005,59,0, //@黄景瑜的团团君: //@Johnny黄景瑜:,2016-07-16 12:07
454,454,茉莉jasmine2005,59,0, //@黄景瑜的团团君: //@Johnny黄景瑜:,2016-07-16 12:07
455,455,追瑜少女碰擦擦,60,0, //@A面B面-刘铮: //@Johnny黄景瑜:,2016-07-12 20:50
456,456,曲大猫BigCat,60,0,#中国一点都不能少#??//@A面B面-刘铮: //@Johnny黄景瑜:,2016-07-12 21:19
457,457,HJY_LISA,60,0, //@A面B面-刘铮: //@Johnny黄景瑜:,2016-07-12 20:20
458,458,HJY-茜茜,60,0, //@A面B面-刘铮: //@Johnny黄景瑜:,2016-07-16 11:18
459,459,HJY-茜茜,60,0, //@A面B面-刘铮: //@Johnny黄景瑜:,2016-07-16 11:17
460,460,拜YOU所赐,60,0,//@A面B面-刘铮: //@Johnny黄景瑜:,2016-07-15 11:24
461,461,HJY-茜茜,60,0, //@A面B面-刘铮: //@Johnny黄景瑜:,2016-07-15 10:14
462,462,护鲸小妹,60,0,//@A面B面-刘铮: //@Johnny黄景瑜:,2016-07-15 06:45
463,463,HJY-茜茜,60,0, //@A面B面-刘铮: //@Johnny黄景瑜:,2016-07-14 22:51
464,464,HJY-茜茜,60,0, //@A面B面-刘铮: //@Johnny黄景瑜:,2016-07-14 22:50
465,465,私炮坊隔壁的面粉厂,61,0,犯我中华者，虽远必诛 //@得舍王凯工作室:这才是中国#中国一点都不能少#//@王凯kkw:一点都不能少！,2016-07-12 21:53
466,466,王凯kkw深圳影迷会,61,0,#中国一点都不能少#  //@得舍王凯工作室:这才是中国#中国一点都不能少#//@王凯kkw:一点都不能少！,2016-07-12 21:56
467,467,若你要我肺,61,0,//@得舍王凯工作室:这才是中国#中国一点都不能少#//@王凯kkw:一点都不能少！,2016-07-12 22:11
468,468,王凯的大宝宝,61,0,一点都不能少！//@得舍王凯工作室:这才是中国#中国一点都不能少#//@王凯kkw:一点都不能少！,2016-07-12 22:48
469,469,户部尚书沈追,61,0,//@得舍王凯工作室:这才是中国#中国一点都不能少#//@王凯kkw:一点都不能少！,2016-07-12 22:37
470,470,王凯全国后援会,61,0,#中国一点都不能少# 一点都不能少！我们寸土不让！犯我中华者，虽远必诛！//@得舍王凯工作室:这才是中国#中国一点都不能少#//@王凯kkw:一点都不能少！,2016-07-12 22:07
471,471,____凌薇,61,0,还差两千多就破4万了，一起为祖国加油好不好！//@得舍王凯工作室:这才是中国#中国一点都不能少#//@王凯kkw:一点都不能少！,2016-07-13 00:02
472,472,英小六,61,0,#中国一点都不能少# 我爱的国家，我爱的人//@得舍王凯工作室:这才是中国#中国一点都不能少#//@王凯kkw:一点都不能少！,2016-07-12 22:34
473,473,王凯浙江影迷会,61,0,#中国一点都不能少# #南海仲裁案# 中国南海，永远属于中国，中国很大，但是没有一点多余，中国一点都不能少。【犯我中华者，虽远必诛】 //@得舍王凯工作室:这才是中国#中国一点都不能少#//@王凯kkw:一点都不能少！,2016-07-12 22:05
474,474,观众sk萧景璃,61,0,#中国一点都不能少#//@得舍王凯工作室:这才是中国#中国一点都不能少#//@王凯kkw:一点都不能少！,2016-07-12 21:58
475,476,王尼玛,475,475,望平安,2016-07-16 18:42
476,477,江宁公安在线,475,475,土耳其发生军事政变，在土中国公民请注意安全，不用发什么微博，给家人报平安然后牢记使领馆电话。,2016-07-16 08:07
477,478,央视新闻,475,475,#土耳其发生政变#【中国驻土使领馆,2016-07-16 23:26
478,479,买买菌,475,475,扩散,2016-07-16 10:02
479,480,真正男子汉,475,475,#真正男子汉# 身处异国，无论发生任何事，祖国永远是你坚强的后盾！,2016-07-16 10:18
480,481,Alex是大叔,475,475,转发微博,2016-07-16 17:20
481,482,北京电影学院,475,475,愿世界和平,2016-07-16 11:44
482,483,三联生活周刊,475,475,转发微博,2016-07-16 08:13
483,484,hi小宝君,475,475,还好回来了，希望在土耳其的游客朋友注意安全！平安,2016-07-16 08:36
484,485,中国共青团网,475,475,祖国永远是最强大的后盾,2016-07-16 08:03
485,486,吃蘿蔔的大總攻,476,475,//@王尼玛:望平安,2016-07-18 19:53
486,487,昵称就那几个字儿,476,475,//@王尼玛:望平安,2016-07-18 19:00
487,488,馨於儿,476,475,//@王尼玛:望平安,2016-07-18 18:48
488,489,前排的木头,476,475,//@王尼玛: 望平安,2016-07-18 17:23
489,490,叫爸爸-Dad,476,475,//@王尼玛:望平安,2016-07-18 16:26
490,491,-逆光飞行-,477,475,这两天怎么都这么高能//@曹操大叔:16年... //@江宁公安在线:土耳其发生军事政变，在土中国公民请注意安全，不用发什么微博，给家人报平安然后牢记使领馆电话。,2016-07-16 08:14
491,492,Aki阿杰,477,475,//@游人甲://@閑閑散人沫無塵:海外同胞注意安全//@万事风过耳:……//@江宁公安在线:土耳其发生军事政变，在土中国公民请注意安全，不用发什么微博，给家人报平安然后牢记使领馆电话。,2016-07-16 08:15
492,493,万事风过耳,477,475,……//@江宁公安在线:土耳其发生军事政变，在土中国公民请注意安全，不用发什么微博，给家人报平安然后牢记使领馆电话。,2016-07-16 08:08
493,494,菏泽中院,477,475,//@江宁公安在线:土耳其发生军事政变，在土中国公民请注意安全，不用发什么微博，给家人报平安然后牢记使领馆电话。,2016-07-16 08:17
494,495,真珠美人魚V,477,475,国家安定是多么的重要啊，希望同胞们都平安//@江宁公安在线:土耳其发生军事政变，在土中国公民请注意安全，不用发什么微博，给家人报平安然后牢记使领馆电话。,2016-07-16 08:21
495,496,记录时间流逝,480,475,//@真正男子汉: #真正男子汉# 身处异国，无论发生任何事，祖国永远是你坚强的后盾！,2016-07-17 18:26
496,497,KyuMinV86,480,475,//@SJOY13:望平安//@真正男子汉:#真正男子汉# 身处异国，无论发生任何事，祖国永远是你坚强的后盾！,2016-07-17 07:23
497,498,脚滑的木偶,480,475,//@真正男子汉: #真正男子汉# 身处异国，无论发生任何事，祖国永远是你坚强的后盾！,2016-07-16 23:40
498,499,孤胆侠客007,480,475,//@真正男子汉:#真正男子汉# 身处异国，无论发生任何事，祖国永远是你坚强的后盾！,2016-07-16 21:58
499,500,武动心弦mmc,480,475, //@真正男子汉:#真正男子汉# 身处异国，无论发生任何事，祖国永远是你坚强的后盾！,2016-07-16 21:03
500,502,央视新闻,501,501,【网友,2016-07-16 23:15
501,503,法语学习,501,501,同样的年纪，不一样的青春！！,2016-07-17 10:27
502,504,宿州公安在线,501,501,心疼,2016-07-16 15:38
503,505,济南交警,501,501,致敬！,2016-07-16 16:44
504,506,青岛文明网,501,501,致敬！,2016-07-16 16:34
505,507,北大芳秀-倦倦倦,501,501,转发微博,2016-07-17 21:07
506,508,灵璧县杨疃派出所,501,501,//@宿州灵璧公安在线://@宿州公安在线:心疼,2016-07-19 09:36
507,509,一个人自娱自乐的世界,501,501,//@央视新闻:【网友,2016-07-19 09:36
508,510,文明传播小卫士,501,501,//@青岛文明网: 致敬！,2016-07-19 09:08
509,511,哎呀小可爱2001,501,501,好心疼！致敬！！,2016-07-19 08:57
510,512,一脸懵比样,502,501, //@热闹地孤独:保重，抽空休息好！//@央视新闻:【网友,2016-07-16 23:43
511,513,热闹地孤独,502,501,保重，抽空休息好！//@央视新闻:【网友,2016-07-16 23:37
512,514,山风云岚,502,501,? //@ododo_jc://@央视新闻:【网友,2016-07-17 03:07
513,515,番茄兔tomato,502,501,心疼… //@今年不氪金的叶小落:心疼@山风云岚:? //@ododo_jc://@央视新闻:【网友,2016-07-17 07:09
514,516,Fox小团,502,501,? //@JPLUSUNISS://@maxli晴天://@央视新闻: 【网友,2016-07-16 23:31
515,517,我是围脖控,503,501,//@法语学习:同样的年纪，不一样的青春！！,2016-07-17 23:26
516,518,马萨吉1111,503,501,//@法语学习:同样的年纪，不一样的青春！！,2016-07-17 18:07
517,519,yui沁,503,501,//@法语学习:同样的年纪，不一样的青春！！,2016-07-17 15:18
518,520,我的小名不叫萌萌,503,501,快去保卫你的家乡@夜半请私语,2016-07-17 14:39
519,521,手剥巴旦木,503,501,//@法语学习:同样的年纪，不一样的青春！！,2016-07-17 14:03
520,522,灵璧县杨疃派出所,504,501,//@宿州灵璧公安在线://@宿州公安在线:心疼,2016-07-19 09:36
521,523,灵璧看守所在线,504,501,//@宿州灵璧公安在线://@宿州公安在线:心疼,2016-07-19 00:05
522,524,灵璧县朱集派出所,504,501,//@宿州灵璧公安在线://@宿州公安在线:心疼,2016-07-18 21:22
523,525,灵璧县尤集派出所,504,501, //@宿州灵璧公安在线://@宿州公安在线:心疼,2016-07-18 10:41
524,526,灵璧渔沟奇石,504,501,//@宿州灵璧公安在线://@宿州公安在线:心疼,2016-07-18 00:20
525,527,-乱战-,505,501,可敬的人 //@济南交警:致敬！,2016-07-16 23:30
526,528,每一个阳光灿烂的日子,505,501,//@快乐di熊:致敬??//@济南交警:致敬！,2016-07-16 23:18
527,529,jsx难以忘记初次见你,505,501, //@济南交警:致敬！,2016-07-16 22:22
528,530,超琳的世界,505,501,//@济南交警:致敬！,2016-07-16 21:58
529,531,烤肠你要吗,505,501,//@济南交警: 致敬！,2016-07-16 21:49
530,532,文明传播小卫士,506,501,//@青岛文明网: 致敬！,2016-07-19 09:08
531,533,七月玫瑰心_96907,506,501,//@青岛文明网:致敬！,2016-07-18 11:02
532,534,qdzyb01,506,501,//@青岛文明网: 致敬！,2016-07-18 09:55
533,535,jnraining,506,501,//@生活的一xiao角://@青岛文明网:致敬！,2016-07-18 07:58
534,536,生活的一xiao角,506,501,//@青岛文明网:致敬！,2016-07-18 07:56
535,537,小-5-玩子,507,501,//@仲夏逝雪玉成烟://@素还真的裤腰带_一言不发就掉粉: //@北大芳秀-倦倦倦:转发微博,2016-07-19 07:48
536,538,苏小李子,507,501,//@素还真的裤腰带_一言不发就掉粉: //@北大芳秀-倦倦倦:转发微博,2016-07-18 12:57
537,539,七月夕羽,507,501,转发微博,2016-07-18 09:30
538,540,拾豆豆的妞妞,507,501,//@素还真的裤腰带_一言不发就掉粉: //@北大芳秀-倦倦倦:转发微博,2016-07-18 01:30
539,541,艾斯黛烟,507,501,//@素还真的裤腰带_一言不发就掉粉://@北大芳秀-倦倦倦:转发微博,2016-07-17 22:05
540,542,赫家有海--晴天,513,501,//@年度最佳龙骑士: //@一脸懵比样: //@热闹地孤独:保重，抽空休息好！//@央视新闻:【网友,2016-07-18 08:09
541,543,权老公_,513,501,最可爱的人 //@热闹地孤独:保重，抽空休息好！//@央视新闻:【网友,2016-07-17 15:33
542,544,独醉笑清风235,513,501,辛苦了//@权馨权翼:最可爱的人 //@热闹地孤独:保重，抽空休息好！//@央视新闻:【网友,2016-07-17 13:51
543,545,志龙大人的喵,513,501,//@权馨权翼:最可爱的人 //@热闹地孤独:保重，抽空休息好！//@央视新闻:【网友,2016-07-17 13:36
544,546,权馨权翼,513,501,最可爱的人 //@热闹地孤独:保重，抽空休息好！//@央视新闻:【网友,2016-07-17 13:34
545,547,好汉请留步艹,514,501,//@番茄兔tomato:心疼… //@今年不氪金的叶小落:心疼@山风云岚:? //@ododo_jc://@央视新闻:【网友,2016-07-18 07:39
546,548,Lady菲__挚爱大秦一生,514,501,辛苦了//@今年不氪金的叶小落:心疼 //@ododo_jc://@央视新闻:【网友,2016-07-18 02:01
547,549,穿旗袍的段段,514,501,//@央视新闻:【网友,2016-07-17 19:15
548,550,无心恋狐,514,501,//@晚叔_://://@山风云岚:? //@ododo_jc://@央视新闻:【网友,2016-07-17 18:54
549,551,以加入KFC豪华午餐的紫薇尊上,514,501,//@番茄兔tomato:心疼… //@今年不氪金的叶小落:心疼@山风云岚:? //@ododo_jc://@央视新闻:【网友,2016-07-17 16:47
550,552,好汉请留步艹,515,501,//@番茄兔tomato:心疼… //@今年不氪金的叶小落:心疼@山风云岚:? //@ododo_jc://@央视新闻:【网友,2016-07-18 07:39
551,553,以加入KFC豪华午餐的紫薇尊上,515,501,//@番茄兔tomato:心疼… //@今年不氪金的叶小落:心疼@山风云岚:? //@ododo_jc://@央视新闻:【网友,2016-07-17 16:47
552,554,星影袭墨砚,515,501,//@CT羊的记忆缺失严重_CTLL://@番茄兔tomato:心疼… //@今年不氪金的叶小落:心疼//@央视新闻:【网友,2016-07-17 15:51
553,555,荼茶茶茶w,515,501,//@寸蒲为薄: //@番茄兔tomato:心疼… //@今年不氪金的叶小落:心疼@山风云岚:? //@ododo_jc://@央视新闻:【网友,2016-07-17 12:00
554,556,玄不救非__,515,501, //@番茄兔tomato:心疼… //@今年不氪金的叶小落:心疼@山风云岚:? //@不二木二,2016-07-17 10:57
555,557,小伍毛毛,516,501,//@AlgiebaNANA://@Fox小团:? //@maxli晴天://@央视新闻: 网友,2016-07-18 13:41
556,558,阿威啊跟咱不是一路人,516,501,//@萌芽开花舞爪张牙://@Fox小团:? ////@央视新闻: 【网友,2016-07-17 11:53
557,559,WS七彩毛毛虫,516,501,//@央视新闻: 【网友,2016-07-17 11:38
558,560,手链,516,501,最可爱的人，真是辛苦了。//@萌芽开花舞爪张牙://@央视新闻: 【网友,2016-07-17 11:22
559,561,等待你实现的诺言,516,501,//@Fox小团:? //@JPLUSUNISS://@maxli晴天://@央视新闻: 【网友,2016-07-17 11:11
560,562,jnraining,536,501,//@生活的一xiao角://@青岛文明网:致敬！,2016-07-18 07:58
